Rank,Year,Title,Artist
1,2013,Thrift Shop,Macklemore & Ryan Lewis Featuring Wanz
2,2013,Blurred Lines,Robin ThickeFeaturing T.I. + Pharrell
3,2013,Radioactive,Imagine Dragons
4,2013,Harlem Shake,Baauer
5,2013,Can't Hold Us,Macklemore & Ryan Lewis FeaturingRay Dalton
6,2013,Mirrors,Justin Timberlake
7,2013,Just Give Me A Reason,P!nk Featuring Nate Ruess
8,2013,When I Was Your Man,Bruno Mars
9,2013,Cruise,Florida Georgia LineFeaturingNelly
10,2013,Roar,Katy Perry
11,2013,Locked Out Of Heaven,Bruno Mars
12,2013,Ho Hey,The Lumineers
13,2013,Stay,RihannaFeaturing Mikky Ekko
14,2013,Get Lucky,Daft PunkFeaturingPharrell Williams
15,2013,Royals,Lorde
16,2013,I Knew You Were Trouble.,Taylor Swift
17,2013,We Can't Stop,Miley Cyrus
18,2013,Wrecking Ball,Miley Cyrus
19,2013,Wake Me Up!,Avicii
20,2013,Suit & Tie,Justin TimberlakeFeaturing JAY Z
21,2013,Cups (Pitch Perfect's When I'm Gone),Anna Kendrick
22,2013,Holy Grail,Jay Z FeaturingJustin Timberlake
23,2013,Scream & Shout,will.i.am&Britney Spears
24,2013,Clarity,ZeddFeaturingFoxes
25,2013,Sail,AWOLNATION
26,2013,Don't You Worry Child,Swedish House MafiaFeaturingJohn Martin
27,2013,Diamonds,Rihanna
28,2013,I Love It,Icona PopFeaturingCharli xcx
29,2013,Safe And Sound,Capital Cities
30,2013,Treasure,Bruno Mars
31,2013,The Way,Ariana GrandeFeaturingMac Miller
32,2013,Started From The Bottom,Drake
33,2013,Come & Get It,Selena Gomez
34,2013,"Hold On, We're Going Home",DrakeFeaturingMajid Jordan
35,2013,Daylight,Maroon 5
36,2013,Feel This Moment,PitbullFeaturingChristina Aguilera
37,2013,Applause,Lady Gaga
38,2013,One More Night,Maroon 5
39,2013,Love Me,Lil WayneFeaturingDrake&Future
40,2013,My Songs Know What You Did In The Dark (Light Em Up),Fall Out Boy
41,2013,F**kin Problems,"A$AP RockyFeaturingDrake,2 Chainz&Kendrick Lamar"
42,2013,Beauty And A Beat,Justin BieberFeaturingNicki Minaj
43,2013,Same Love,Macklemore & Ryan Lewis FeaturingMary Lambert
44,2013,Sweet Nothing,Calvin HarrisFeaturing Florence Welch
45,2013,Summertime Sadness,Lana Del Reyvs.Cedric Gervais
46,2013,Home,Phillip Phillips
47,2013,It's Time,Imagine Dragons
48,2013,Power Trip,J. ColeFeaturingMiguel
49,2013,Girl On Fire,Alicia KeysFeaturingNicki Minaj
50,2013,Heart Attack,Demi Lovato
51,2013,Love Somebody,Maroon 5
52,2013,I Will Wait,Mumford & Sons
53,2013,Try,P!nk
54,2013,Wagon Wheel,Darius Rucker
55,2013,Gangnam Style,PSY
56,2013,I Need Your Love,Calvin HarrisFeaturingEllie Goulding
57,2013,Die Young,Ke$ha
58,2013,Some Nights,fun.
59,2013,Bad,WaleFeaturingTiara ThomasOrRihanna
60,2013,Boys 'Round Here,Blake SheltonFeaturingPistol Annies&Friends
61,2013,"Gone, Gone, Gone",Phillip Phillips
62,2013,Demons,Imagine Dragons
63,2013,Counting Stars,OneRepublic
64,2013,I Cry,Flo Rida
65,2013,Little Talks,Of Monsters and Men
66,2013,The Other Side,Jason Derulo
67,2013,Berzerk,Eminem
68,2013,Catch My Breath,Kelly Clarkson
69,2013,Crash My Party,Luke Bryan
70,2013,Pour It Up,Rihanna
71,2013,22,Taylor Swift
72,2013,I Want Crazy,Hunter Hayes
73,2013,The Fox,Ylvis
74,2013,Best Song Ever,One Direction
75,2013,The A Team,Ed Sheeran
76,2013,Carry On,fun.
77,2013,Highway Don't Care,Tim McGrawWithTaylor Swift
78,2013,That's My Kind Of Night,Luke Bryan
79,2013,Swimming Pools (Drank),Kendrick Lamar
80,2013,Sure Be Cool If You Did,Blake Shelton
81,2013,#Beautiful,Mariah CareyFeaturingMiguel
82,2013,Troublemaker,Olly MursFeaturingFlo Rida
83,2013,Body Party,Ciara
84,2013,Adorn,Miguel
85,2013,Hall Of Fame,The ScriptFeaturingwill.i.am
86,2013,Let Me Love You (Until You Learn To Love Yourself),Ne-Yo
87,2013,U.O.E.N.O.,Rocko FeaturingFuture&Rick Ross
88,2013,Next To Me,Emeli Sande
89,2013,Mama's Broken Heart,Miranda Lambert
90,2013,It Goes Like This,Thomas Rhett
91,2013,Bugatti,Ace HoodFeaturingFuture&Rick Ross
92,2013,Wanted,Hunter Hayes
93,2013,Downtown,Lady Antebellum
94,2013,Get Your Shine On,Florida Georgia Line
95,2013,#thatPOWER,will.i.amFeaturingJustin Bieber
96,2013,Brave,Sara Bareilles
97,2013,Let Her Go,Passenger
98,2013,Runnin' Outta Moonlight,Randy Houser
99,2013,I'm Different,2 Chainz
100,2013,Still Into You,Paramore
1,2014,Happy,Pharrell Williams
2,2014,Dark Horse,Katy PerryFeaturingJuicy J
3,2014,All Of Me,John Legend
4,2014,Fancy,Iggy AzaleaFeaturingCharli xcx
5,2014,Counting Stars,OneRepublic
6,2014,Talk Dirty,Jason DeruloFeaturing2 Chainz
7,2014,Rude,MAGIC!
8,2014,All About That Bass,Meghan Trainor
9,2014,Problem,Ariana GrandeFeaturingIggy Azalea
10,2014,Stay With Me,Sam Smith
11,2014,Timber,PitbullFeaturing Ke$ha
12,2014,Pompeii,Bastille
13,2014,Shake It Off,Taylor Swift
14,2014,Am I Wrong,Nico & Vinz
15,2014,Turn Down For What,DJ Snake&Lil Jon
16,2014,The Monster,EminemFeaturingRihanna
17,2014,Say Something,A Great Big World&Christina Aguilera
18,2014,Team,Lorde
19,2014,Let Her Go,Passenger
20,2014,Royals,Lorde
21,2014,Let It Go,Idina Menzel
22,2014,Wake Me Up!,Avicii
23,2014,Demons,Imagine Dragons
24,2014,Story Of My Life,One Direction
25,2014,Chandelier,Sia
26,2014,Black Widow,Iggy AzaleaFeaturingRita Ora
27,2014,Bang Bang,"Jessie J,Ariana Grande&Nicki Minaj"
28,2014,Latch,DisclosureFeaturingSam Smith
29,2014,Maps,Maroon 5
30,2014,Loyal,Chris BrownFeaturingLil Wayne&French MontanaOrToo $hortOrTyga
31,2014,Best Day Of My Life,American Authors
32,2014,Habits (Stay High),Tove Lo
33,2014,Summer,Calvin Harris
34,2014,Boom Clap,Charli xcx
35,2014,Drunk In Love,Beyonce Featuring Jay Z
36,2014,Anaconda,Nicki Minaj
37,2014,Break Free,Ariana GrandeFeaturingZedd
38,2014,Bailando,Enrique IglesiasFeaturingDescemer Bueno&Gente De Zona
39,2014,Burn,Ellie Goulding
40,2014,Wiggle,Jason DeruloFeaturingSnoop Dogg
41,2014,Rather Be,Clean BanditFeaturingJess Glynne
42,2014,Don't Tell 'Em,JeremihFeaturingYG
43,2014,Show Me,Kid InkFeaturingChris Brown
44,2014,Wrecking Ball,Miley Cyrus
45,2014,Not A Bad Thing,Justin Timberlake
46,2014,Roar,Katy Perry
47,2014,Ain't It Fun,Paramore
48,2014,The Man,Aloe Blacc
49,2014,This Is How We Roll,Florida Georgia LineFeaturingLuke Bryan
50,2014,Classic,MKTO
51,2014,A Sky Full Of Stars,Coldplay
52,2014,Don't,Ed Sheeran
53,2014,Na Na,Trey Songz
54,2014,Hot Boy,Bobby Shmurda
55,2014,"Hold On, We're Going Home",DrakeFeaturingMajid Jordan
56,2014,Sing,Ed Sheeran
57,2014,Radioactive,Imagine Dragons
58,2014,My Hitta,YGFeaturingJeezy& Rich Homie Quan
59,2014,Cool Kids,Echosmith
60,2014,Hey Brother,Avicii
61,2014,Trumpets,Jason Derulo
62,2014,Animals,Maroon 5
63,2014,Burnin' It Down,Jason Aldean
64,2014,Play It Again,Luke Bryan
65,2014,2 On,TinasheFeaturingScHoolboy Q
66,2014,Dirt,Florida Georgia Line
67,2014,Love Runs Out,OneRepublic
68,2014,Bottoms Up,Brantley Gilbert
69,2014,Shower,Becky G
70,2014,Me And My Broken Heart,Rixton
71,2014,Animals,Martin Garrix
72,2014,Lifestyle,Rich Gang FeaturingYoung Thug& Rich Homie Quan
73,2014,American Kids,Kenny Chesney
74,2014,Brave,Sara Bareilles
75,2014,Sweater Weather,The Neighbourhood
76,2014,Leave The Night On,Sam Hunt
77,2014,New Flame,Chris BrownFeaturingUsher&Rick Ross
78,2014,Love Never Felt So Good,Michael Jackson &Justin Timberlake
79,2014,Drunk On A Plane,Dierks Bentley
80,2014,Birthday,Katy Perry
81,2014,Bartender,Lady Antebellum
82,2014,La La La,Naughty Boy FeaturingSam Smith
83,2014,Blurred Lines,Robin ThickeFeaturing T.I. + Pharrell
84,2014,Do What U Want,Lady GagaFeaturingR. Kelly
85,2014,Can't Remember To Forget You,ShakiraFeaturingRihanna
86,2014,Amnesia,5 Seconds of Summer
87,2014,No Mediocre,T.I. FeaturingIggy Azalea
88,2014,Come With Me Now,KONGOS
89,2014,Believe Me,Lil WayneFeaturingDrake
90,2014,23,"Mike Will Made-ItFeaturingMiley Cyrus,Wiz Khalifa&Juicy J"
91,2014,Beachin',Jake Owen
92,2014,White Walls,Macklemore & Ryan Lewis FeaturingScHoolboy Q&Hollis
93,2014,She Looks So Perfect,5 Seconds of Summer
94,2014,Stay The Night,ZeddFeaturingHayley Williams
95,2014,Partition,Beyonce
96,2014,Studio,ScHoolboy QFeaturingBJ the Chicago Kid
97,2014,0 To 100 / The Catch Up,Drake
98,2014,I Don't Dance,Lee Brice
99,2014,Somethin' Bad,Miranda LambertDuet WithCarrie Underwood
100,2014,Adore You,Miley Cyrus
1,2015,Uptown Funk!,Mark RonsonFeaturingBruno Mars
2,2015,Thinking Out Loud,Ed Sheeran
3,2015,See You Again,Wiz KhalifaFeaturingCharlie Puth
4,2015,Trap Queen,Fetty Wap
5,2015,Sugar,Maroon 5
6,2015,Shut Up And Dance,Walk the Moon
7,2015,Blank Space,Taylor Swift
8,2015,Watch Me,Silento
9,2015,Earned It (Fifty Shades Of Grey),The Weeknd
10,2015,The Hills,The Weeknd
11,2015,Cheerleader,OMI
12,2015,Can't Feel My Face,The Weeknd
13,2015,Love Me Like You Do,Ellie Goulding
14,2015,Take Me To Church,Hozier
15,2015,Bad Blood,Taylor SwiftFeaturingKendrick Lamar
16,2015,Lean On,Major LazerXDJ SnakeFeaturingMo
17,2015,Want To Want Me,Jason Derulo
18,2015,Shake It Off,Taylor Swift
19,2015,Where Are U Now,Skrillex&DiploWithJustin Bieber
20,2015,Fight Song,Rachel Platten
21,2015,679,Fetty WapFeaturingRemy Boyz
22,2015,Lips Are Movin,Meghan Trainor
23,2015,Worth It,Fifth HarmonyFeaturingKid Ink
24,2015,Post To Be,OmarionFeaturingChris Brown&Jhene Aiko
25,2015,"Honey, I'm Good.",Andy Grammer
26,2015,I'm Not The Only One,Sam Smith
27,2015,Good For You,Selena GomezFeaturingA$AP Rocky
28,2015,All About That Bass,Meghan Trainor
29,2015,Style,Taylor Swift
30,2015,Hotline Bling,Drake
31,2015,Hey Mama,"David GuettaFeaturingNicki Minaj,Bebe Rexha&Afrojack"
32,2015,G.D.F.R.,Flo RidaFeaturingSage The Gemini&Lookas
33,2015,What Do You Mean?,Justin Bieber
34,2015,Photograph,Ed Sheeran
35,2015,Hello,Adele
36,2015,Stitches,Shawn Mendes
37,2015,Talking Body,Tove Lo
38,2015,Jealous,Nick Jonas
39,2015,Time Of Our Lives,Pitbull&Ne-Yo
40,2015,Locked Away,R. CityFeaturingAdam Levine
41,2015,Somebody,Natalie La Rose FeaturingJeremih
42,2015,FourFiveSeconds,Rihanna&Kanye West&Paul McCartney
43,2015,Centuries,Fall Out Boy
44,2015,My Way,Fetty WapFeaturing Monty
45,2015,Take Your Time,Sam Hunt
46,2015,Animals,Maroon 5
47,2015,I Don't F**k With You,Big SeanFeaturingE-40
48,2015,B**** Better Have My Money,Rihanna
49,2015,Flex (Ooh Ooh Ooh),Rich Homie Quan
50,2015,Nasty Freestyle,T-Wayne
51,2015,Only,"Nicki MinajFeaturingDrake,Lil Wayne&Chris Brown"
52,2015,Elastic Heart,Sia
53,2015,Cool For The Summer,Demi Lovato
54,2015,Renegades,X Ambassadors
55,2015,I Don't Mind,UsherFeaturingJuicy J
56,2015,Love Me Harder,Ariana Grande&The Weeknd
57,2015,Wildest Dreams,Taylor Swift
58,2015,Stay With Me,Sam Smith
59,2015,You Know You Like It,DJ Snake&AlunaGeorge
60,2015,Uma Thurman,Fall Out Boy
61,2015,7/11,Beyonce
62,2015,The Heart Wants What It Wants,Selena Gomez
63,2015,Girl Crush,Little Big Town
64,2015,Slow Motion,Trey Songz
65,2015,Drag Me Down,One Direction
66,2015,Truffle Butter,Nicki MinajFeaturingDrake&Lil Wayne
67,2015,One Last Time,Ariana Grande
68,2015,Chains,Nick Jonas
69,2015,All Eyes On You,Meek MillFeaturingChris Brown&Nicki Minaj
70,2015,No Type,Rae Sremmurd
71,2015,Riptide,Vance Joy
72,2015,Classic Man,JidennaFeaturingRoman Gianarthur
73,2015,Ex's & Oh's,Elle King
74,2015,Dear Future Husband,Meghan Trainor
75,2015,Marvin Gaye,Charlie PuthFeaturingMeghan Trainor
76,2015,Like I'm Gonna Lose You,Meghan TrainorFeaturingJohn Legend
77,2015,Habits (Stay High),Tove Lo
78,2015,The Hanging Tree,James Newton HowardFeaturing Jennifer Lawrence
79,2015,CoCo,O.T. Genasis
80,2015,Bang Bang,"Jessie J,Ariana Grande&Nicki Minaj"
81,2015,Lay Me Down,Sam Smith
82,2015,Tuesday,I Love MakonnenFeaturingDrake
83,2015,Hit The Quan,iLoveMemphis
84,2015,Downtown,"Macklemore & Ryan Lewis Featuring Eric Nally, Melle Mel,Kool Moe Dee&Grandmaster Caz"
85,2015,House Party,Sam Hunt
86,2015,Ayo,Chris Brown&Tyga
87,2015,Kick The Dust Up,Luke Bryan
88,2015,Blessings,Big SeanFeaturingDrake
89,2015,Budapest,George Ezra
90,2015,Chandelier,Sia
91,2015,Heartbeat Song,Kelly Clarkson
92,2015,Don't,Ed Sheeran
93,2015,Ghost,Ella Henderson
94,2015,Here,Alessia Cara
95,2015,Waves,Mr. Probz
96,2015,El Perdon (Forgiveness),Nicky Jam&Enrique Iglesias
97,2015,She Knows,Ne-YoFeaturingJuicy J
98,2015,Night Changes,One Direction
99,2015,Back To Back,Drake
100,2015,How Deep Is Your Love,Calvin Harris& Disciples
1,2016,Love Yourself,Justin Bieber
2,2016,Sorry,Justin Bieber
3,2016,One Dance,DrakeFeaturingWizkid&Kyla
4,2016,Work,RihannaFeaturingDrake
5,2016,Stressed Out,Twenty One Pilots
6,2016,Panda,Desiigner
7,2016,Hello,Adele
8,2016,Don't Let Me Down,The ChainsmokersFeaturingDaya
9,2016,Can't Stop The Feeling!,Justin Timberlake
10,2016,Closer,The ChainsmokersFeaturingHalsey
11,2016,Cheap Thrills,SiaFeaturingSean Paul
12,2016,7 Years,Lukas Graham
13,2016,Needed Me,Rihanna
14,2016,My House,Flo Rida
15,2016,I Took A Pill In Ibiza,Mike Posner
16,2016,Work From Home,Fifth HarmonyFeaturingTy Dolla $ign
17,2016,This Is What You Came For,Calvin HarrisFeaturingRihanna
18,2016,Cake By The Ocean,DNCE
19,2016,"Me, Myself & I",G-EazyxBebe Rexha
20,2016,Ride,Twenty One Pilots
21,2016,Heathens,Twenty One Pilots
22,2016,Pillowtalk,ZAYN
23,2016,Stitches,Shawn Mendes
24,2016,Hotline Bling,Drake
25,2016,Cold Water,Major LazerFeaturingJustin Bieber&Mo
26,2016,Send My Love (To Your New Lover),Adele
27,2016,Roses,The ChainsmokersFeaturingROZES
28,2016,Treat You Better,Shawn Mendes
29,2016,Too Good,DrakeFeaturingRihanna
30,2016,Low Life,FutureFeaturingThe Weeknd
31,2016,What Do You Mean?,Justin Bieber
32,2016,The Hills,The Weeknd
33,2016,Just Like Fire,P!nk
34,2016,Broccoli,D.R.A.M. FeaturingLil Yachty
35,2016,Don't,Bryson Tiller
36,2016,Dangerous Woman,Ariana Grande
37,2016,Jumpman,Drake&Future
38,2016,I Hate U I Love U,GnashFeaturing Olivia O'Brien
39,2016,Here,Alessia Cara
40,2016,Same Old Love,Selena Gomez
41,2016,Controlla,Drake
42,2016,Like I'm Gonna Lose You,Meghan TrainorFeaturingJohn Legend
43,2016,One Call Away,Charlie Puth
44,2016,Let It Go,James Bay
45,2016,No,Meghan Trainor
46,2016,Never Forget You,Zara Larsson&MNEK
47,2016,Let Me Love You,DJ SnakeFeaturingJustin Bieber
48,2016,Don't Mind,Kent Jones
49,2016,H.O.L.Y.,Florida Georgia Line
50,2016,We Don't Talk Anymore,Charlie PuthFeaturingSelena Gomez
51,2016,Into You,Ariana Grande
52,2016,Gold,Kiiara
53,2016,Exchange,Bryson Tiller
54,2016,679,Fetty WapFeaturingRemy Boyz
55,2016,Oui,Jeremih
56,2016,Hands To Myself,Selena Gomez
57,2016,2 Phones,Kevin Gates
58,2016,Starboy,The WeekndFeaturingDaft Punk
59,2016,For Free,DJ KhaledFeaturingDrake
60,2016,Never Be Like You,FlumeFeaturing Kai
61,2016,In The Night,The Weeknd
62,2016,Me Too,Meghan Trainor
63,2016,Ex's & Oh's,Elle King
64,2016,Die A Happy Man,Thomas Rhett
65,2016,White Iverson,Post Malone
66,2016,Close,Nick JonasFeaturingTove Lo
67,2016,Unsteady,X Ambassadors
68,2016,Sucker For Pain,"Lil Wayne,Wiz Khalifa&Imagine DragonsWithLogic&Ty Dolla $ignFeat.X Ambassadors"
69,2016,Down In The DM,Yo GottiFeaturingNicki Minaj
70,2016,Luv,Tory Lanez
71,2016,Sorry,Beyonce
72,2016,Can't Feel My Face,The Weeknd
73,2016,Hymn For The Weekend,Coldplay
74,2016,Say It,Tory Lanez
75,2016,Antidote,Travis Scott
76,2016,Lost Boy,Ruth B
77,2016,Side To Side,Ariana GrandeFeaturingNicki Minaj
78,2016,"Sit Still, Look Pretty",Daya
79,2016,Wildest Dreams,Taylor Swift
80,2016,Middle,DJ SnakeFeaturingBipolar Sunshine
81,2016,On My Mind,Ellie Goulding
82,2016,Pop Style,DrakeFeaturing The Throne
83,2016,When We Were Young,Adele
84,2016,Hide Away,Daya
85,2016,Lean On,Major LazerXDJ SnakeFeaturingMo
86,2016,I Know What You Did Last Summer,Shawn Mendes&Camila Cabello
88,2016,Watch Me,Silento
89,2016,Back To Sleep,Chris Brown
90,2016,No Limit,UsherFeaturingYoung Thug
91,2016,Cut It,O.T. GenasisFeaturingYoung Dolph
92,2016,Really Really,Kevin Gates
93,2016,All In My Head (Flex),Fifth HarmonyFeaturingFetty Wap
94,2016,Starving,Hailee Steinfeld&GreyFeaturingZedd
95,2016,Adventure Of A Lifetime,Coldplay
96,2016,Humble And Kind,Tim McGraw
97,2016,Wicked,Future
98,2016,Tiimmy Turner,Desiigner
99,2016,See You Again,Wiz KhalifaFeaturingCharlie Puth
100,2016,Perfect,One Direction
1,2017,Shape Of You,Ed Sheeran
2,2017,Despacito,Luis Fonsi&Daddy YankeeFeaturingJustin Bieber
3,2017,That's What I Like,Bruno Mars
4,2017,Humble.,Kendrick Lamar
5,2017,Something Just Like This,The Chainsmokers&Coldplay
6,2017,Bad And Boujee,MigosFeaturingLil Uzi Vert
7,2017,Closer,The ChainsmokersFeaturingHalsey
8,2017,Body Like A Back Road,Sam Hunt
9,2017,Believer,Imagine Dragons
10,2017,Congratulations,Post MaloneFeaturingQuavo
11,2017,Say You Won't Let Go,James Arthur
12,2017,I'm The One,"DJ KhaledFeaturingJustin Bieber,Quavo,Chance the Rapper&Lil Wayne"
13,2017,XO TOUR Llif3,Lil Uzi Vert
14,2017,Mask Off,Future
15,2017,Unforgettable,French MontanaFeaturingSwae Lee
16,2017,24K Magic,Bruno Mars
17,2017,Stay,Zedd&Alessia Cara
18,2017,Wild Thoughts,DJ KhaledFeaturingRihanna&Bryson Tiller
19,2017,Black Beatles,Rae SremmurdFeaturingGucci Mane
20,2017,Starboy,The WeekndFeaturingDaft Punk
21,2017,Location,Khalid
22,2017,Attention,Charlie Puth
23,2017,There's Nothing Holdin' Me Back,Shawn Mendes
24,2017,Bodak Yellow (Money Moves),Cardi B
25,2017,Redbone,Childish Gambino
26,2017,I Don't Wanna Live Forever (Fifty Shades Darker),ZAYN/Taylor Swift
27,2017,It Ain't Me,KygoxSelena Gomez
28,2017,iSpy,KyleFeaturingLil Yachty
29,2017,Issues,Julia Michaels
30,2017,Scars To Your Beautiful,Alessia Cara
31,2017,1-800-273-8255,LogicFeaturingAlessia Cara&Khalid
32,2017,Slow Hands,Niall Horan
33,2017,Love On The Brain,Rihanna
34,2017,I Feel It Coming,The WeekndFeaturingDaft Punk
35,2017,Bounce Back,Big Sean
36,2017,Strip That Down,Liam PayneFeaturingQuavo
37,2017,Fake Love,Drake
38,2017,Don't Wanna Know,Maroon 5FeaturingKendrick Lamar
39,2017,Look What You Made Me Do,Taylor Swift
40,2017,Castle On The Hill,Ed Sheeran
41,2017,Bad Things,Machine Gun Kelly xCamila Cabello
42,2017,Paris,The Chainsmokers
43,2017,Side To Side,Ariana GrandeFeaturingNicki Minaj
44,2017,Rockabye,Clean BanditFeaturingSean Paul&Anne-Marie
45,2017,Feel It Still,Portugal. The Man
46,2017,Let Me Love You,DJ SnakeFeaturingJustin Bieber
47,2017,Sorry Not Sorry,Demi Lovato
48,2017,Bank Account,21 Savage
49,2017,Can't Stop The Feeling!,Justin Timberlake
50,2017,Mi Gente,J Balvin&Willy WilliamFeaturing Beyonce
51,2017,Thunder,Imagine Dragons
52,2017,T-Shirt,Migos
53,2017,Rake It Up,Yo GottiFeaturingNicki Minaj
54,2017,Mercy,Shawn Mendes
55,2017,Tunnel Vision,Kodak Black
56,2017,Rockstar,Post MaloneFeaturing21 Savage
57,2017,In Case You Didn't Know,Brett Young
58,2017,Heathens,Twenty One Pilots
59,2017,Now Or Never,Halsey
60,2017,Caroline,Amine
61,2017,Rolex,Ayo & Teo
62,2017,DNA.,Kendrick Lamar
63,2017,Juju On That Beat (TZ Anthem),Zay Hilfigerrr & Zayion McCall
64,2017,Swang,Rae Sremmurd
65,2017,Passionfruit,Drake
66,2017,Loyalty.,Kendrick LamarFeaturingRihanna
67,2017,Praying,Kesha
68,2017,Goosebumps,Travis Scott
69,2017,Cold,Maroon 5FeaturingFuture
70,2017,Broccoli,D.R.A.M. FeaturingLil Yachty
71,2017,Slide,Calvin HarrisFeaturingFrank Ocean&Migos
72,2017,What Ifs,Kane BrownFeaturingLauren Alaina
73,2017,Chained To The Rhythm,Katy PerryFeaturingSkip Marley
74,2017,Feels,"Calvin HarrisFeaturingPharrell Williams,Katy Perry&Big Sean"
75,2017,All Time Low,Jon Bellion
76,2017,Hurricane,Luke Combs
77,2017,Too Good At Goodbyes,Sam Smith
78,2017,Young Dumb & Broke,Khalid
79,2017,Magnolia,Playboi Carti
80,2017,Love Galore,SZAFeaturingTravis Scott
81,2017,Drowning,A Boogie wit da HoodieFeaturingKodak Black
82,2017,Starving,Hailee Steinfeld&GreyFeaturingZedd
83,2017,Both,Gucci ManeFeaturingDrake
84,2017,What About Us,P!nk
85,2017,Swalla,Jason DeruloFeaturingNicki Minaj&Ty Dolla $ign
86,2017,Slippery,MigosFeaturingGucci Mane
87,2017,Sign Of The Times,Harry Styles
88,2017,Water Under The Bridge,Adele
89,2017,Malibu,Miley Cyrus
90,2017,Down,Marian Hill
91,2017,No Promises,Cheat CodesFeaturingDemi Lovato
92,2017,Treat You Better,Shawn Mendes
93,2017,I Get The Bag,Gucci ManeFeaturingMigos
94,2017,Small Town Boy,Dustin Lynch
95,2017,Everyday We Lit,Yfn LucciFeaturingPnB Rock
96,2017,Havana,Camila CabelloFeaturingYoung Thug
97,2017,What Lovers Do,Maroon 5FeaturingSZA
98,2017,Do Re Mi,Blackbear
99,2017,Look At Me!,XXXTENTACION
100,2017,The Fighter,Keith UrbanFeaturingCarrie Underwood
1,2018,God's Plan,Drake
2,2018,Perfect,Ed Sheeran
3,2018,Meant To Be,Bebe Rexha&Florida Georgia Line
4,2018,Havana,Camila CabelloFeaturingYoung Thug
5,2018,Rockstar,Post MaloneFeaturing21 Savage
6,2018,Psycho,Post MaloneFeaturingTy Dolla $ign
7,2018,I Like It,"Cardi B,Bad Bunny&J Balvin"
8,2018,The Middle,"Zedd,Maren Morris&Grey"
9,2018,In My Feelings,Drake
10,2018,Girls Like You,Maroon 5FeaturingCardi B
11,2018,Nice For What,Drake
12,2018,Lucid Dreams,Juice WRLD
13,2018,Better Now,Post Malone
14,2018,Finesse,Bruno Mars&Cardi B
15,2018,Boo'd Up,Ella Mai
16,2018,New Rules,Dua Lipa
17,2018,Sad!,XXXTENTACION
18,2018,Never Be The Same,Camila Cabello
19,2018,Love Lies,Khalid&Normani
20,2018,No Tears Left To Cry,Ariana Grande
21,2018,Mine,Bazzi
22,2018,Thunder,Imagine Dragons
23,2018,Look Alive,BlocBoy JB FeaturingDrake
24,2018,Delicate,Taylor Swift
25,2018,Yes Indeed,Lil Baby&Drake
26,2018,Friends,Marshmello&Anne-Marie
27,2018,Bad At Love,Halsey
28,2018,Taste,TygaFeaturingOffset
29,2018,Let You Down,NF
30,2018,No Limit,G-EazyFeaturingA$AP Rocky&Cardi B
31,2018,FEFE,6ix9ineFeaturingNicki Minaj& Murda Beatz
32,2018,Tequila,Dan + Shay
33,2018,Feel It Still,Portugal. The Man
34,2018,MotorSport,"Migos,Nicki Minaj&Cardi B"
35,2018,I Like Me Better,Lauv
36,2018,Youngblood,5 Seconds of Summer
37,2018,Whatever It Takes,Imagine Dragons
38,2018,Ric Flair Drip,Offset&Metro Boomin
39,2018,I Fall Apart,Post Malone
40,2018,Pray For Me,The Weeknd&Kendrick Lamar
41,2018,Back To You,Selena Gomez
42,2018,Sicko Mode,Travis Scott
43,2018,Walk It Talk It,MigosFeaturingDrake
44,2018,Gucci Gang,Lil Pump
45,2018,Him & I,G-Eazy&Halsey
46,2018,In My Blood,Shawn Mendes
47,2018,All The Stars,Kendrick Lamar&SZA
48,2018,Stir Fry,Migos
49,2018,Too Good At Goodbyes,Sam Smith
50,2018,Love.,Kendrick LamarFeaturing Zacari
51,2018,This Is America,Childish Gambino
52,2018,Nonstop,Drake
53,2018,Heaven,Kane Brown
54,2018,Bodak Yellow (Money Moves),Cardi B
55,2018,Freaky Friday,Lil DickyFeaturingChris Brown
56,2018,Gummo,6ix9ine
57,2018,Plug Walk,Rich The Kid
58,2018,Wait,Maroon 5
59,2018,Be Careful,Cardi B
60,2018,Wolves,Selena GomezXMarshmello
61,2018,Bartier Cardi,Cardi BFeaturing21 Savage
62,2018,God Is A Woman,Ariana Grande
63,2018,Big Bank,"YGFeaturing2 Chainz,Big Sean&Nicki Minaj"
64,2018,Sorry Not Sorry,Demi Lovato
65,2018,How Long,Charlie Puth
66,2018,Lights Down Low,MAX FeaturingGnash
67,2018,Young Dumb & Broke,Khalid
68,2018,One Kiss,Calvin Harris&Dua Lipa
69,2018,Natural,Imagine Dragons
70,2018,You Make It Easy,Jason Aldean
71,2018,Shape Of You,Ed Sheeran
72,2018,I Get The Bag,Gucci ManeFeaturingMigos
73,2018,No Brainer,"DJ KhaledFeaturingJustin Bieber,Chance the Rapper&Quavo"
74,2018,Plain Jane,A$AP FergFeaturingNicki Minaj
75,2018,Sky Walker,MiguelFeaturingTravis Scott
76,2018,Marry Me,Thomas Rhett
77,2018,Eastside,"Benny Blanco,Halsey&Khalid"
78,2018,Call Out My Name,The Weeknd
79,2018,King's Dead,"Jay Rock,Kendrick Lamar,Future&James Blake"
80,2018,Happier,Marshmello&Bastille
81,2018,Te Bote,"Casper Magico,Nio Garcia,Darell,Nicky Jam,Ozuna&Bad Bunny"
82,2018,Simple,Florida Georgia Line
83,2018,Lemon,N*E*R*D &Rihanna
84,2018,1-800-273-8255,LogicFeaturingAlessia Cara&Khalid
85,2018,Say Something,Justin TimberlakeFeaturingChris Stapleton
86,2018,I'm Upset,Drake
87,2018,Get Along,Kenny Chesney
88,2018,Moonlight,XXXTENTACION
89,2018,What Lovers Do,Maroon 5FeaturingSZA
90,2018,X,Nicky JamxJ Balvin
91,2018,Outside Today,YoungBoy Never Broke Again
92,2018,Trip,Ella Mai
93,2018,Dura,Daddy Yankee
94,2018,Changes,XXXTENTACION
95,2018,Mercy,Brett Young
96,2018,One Number Away,Luke Combs
97,2018,Powerglide,Rae Sremmurd&Juicy J
98,2018,IDGAF,Dua Lipa
99,2018,Mi Gente,J Balvin&Willy WilliamFeaturing Beyonce
100,2018,Believer,Imagine Dragons
1,2019,Old Town Road,Lil Nas XFeaturingBilly Ray Cyrus
2,2019,Sunflower (Spider-Man: Into The Spider-Verse),Post Malone&Swae Lee
3,2019,Without Me,Halsey
4,2019,Bad Guy,Billie Eilish
5,2019,Wow.,Post Malone
6,2019,Happier,Marshmello&Bastille
7,2019,7 Rings,Ariana Grande
8,2019,Talk,Khalid
9,2019,Sicko Mode,Travis Scott
10,2019,Sucker,Jonas Brothers
11,2019,High Hopes,Panic! At The Disco
12,2019,"Thank U, Next",Ariana Grande
13,2019,Truth Hurts,Lizzo
14,2019,Dancing With A Stranger,Sam Smith&Normani
15,2019,Senorita,Shawn Mendes&Camila Cabello
16,2019,I Don't Care,Ed Sheeran&Justin Bieber
17,2019,Eastside,"Benny Blanco,Halsey&Khalid"
18,2019,Going Bad,Meek MillFeaturingDrake
19,2019,Shallow,Lady Gaga&Bradley Cooper
20,2019,Better,Khalid
21,2019,No Guidance,Chris BrownFeaturingDrake
22,2019,Girls Like You,Maroon 5FeaturingCardi B
23,2019,Sweet But Psycho,Ava Max
24,2019,Suge,DaBaby
25,2019,Middle Child,J. Cole
26,2019,Drip Too Hard,Lil Baby&Gunna
27,2019,Someone You Loved,Lewis Capaldi
28,2019,Ran$om,Lil Tecca
29,2019,If I Can't Have You,Shawn Mendes
30,2019,Goodbyes,Post MaloneFeaturingYoung Thug
31,2019,ZEZE,Kodak BlackFeaturingTravis Scott&Offset
32,2019,Better Now,Post Malone
33,2019,Youngblood,5 Seconds of Summer
34,2019,Money In The Grave,DrakeFeaturingRick Ross
35,2019,Speechless,Dan + Shay
36,2019,"Break Up With Your Girlfriend, I'm Bored",Ariana Grande
37,2019,Please Me,Cardi B&Bruno Mars
38,2019,Money,Cardi B
39,2019,You Need To Calm Down,Taylor Swift
40,2019,Panini,Lil Nas X
41,2019,Look Back At It,A Boogie wit da Hoodie
42,2019,A Lot,21 Savage
43,2019,ME!,Taylor SwiftFeaturingBrendon Urie
44,2019,MIA,Bad BunnyFeaturingDrake
45,2019,Pop Out,Polo GFeaturingLil Tjay
46,2019,Beautiful Crazy,Luke Combs
47,2019,Thotiana,Blueface
48,2019,Lucid Dreams,Juice WRLD
49,2019,Mo Bamba,Sheck Wes
50,2019,Beautiful People,Ed SheeranFeaturingKhalid
51,2019,Wake Up In The Sky,Gucci ManeXBruno MarsXKodak Black
52,2019,Whiskey Glasses,Morgan Wallen
53,2019,God's Country,Blake Shelton
54,2019,Be Alright,Dean Lewis
55,2019,Pure Water,Mustard&Migos
56,2019,The Git Up,Blanco Brown
57,2019,Taki Taki,"DJ SnakeFeaturingSelena Gomez,Ozuna&Cardi B"
58,2019,Close To Me,Ellie GouldingXDiploFeaturingSwae Lee
59,2019,Envy Me,Calboy
60,2019,You Say,Lauren Daigle
61,2019,"Hey Look Ma, I Made It",Panic! At The Disco
62,2019,Circles,Post Malone
63,2019,Beer Never Broke My Heart,Luke Combs
64,2019,The London,"Young Thug,J. Cole&Travis Scott"
65,2019,Con Calma,Daddy Yankee&Katy PerryFeaturingSnow
66,2019,Murder On My Mind,YNW Melly
67,2019,When The Party's Over,Billie Eilish
68,2019,Act Up,City Girls
69,2019,I Like It,"Cardi B,Bad Bunny&J Balvin"
70,2019,Trampoline,SHAED
71,2019,Leave Me Alone,Flipp Dinero
72,2019,Breathin,Ariana Grande
73,2019,Bury A Friend,Billie Eilish
74,2019,Close Friends,Lil Baby
75,2019,Baby Shark,Pinkfong
76,2019,My Type,Saweetie
77,2019,Worth It,YK Osiris
78,2019,Only Human,Jonas Brothers
79,2019,Knockin' Boots,Luke Bryan
80,2019,Trip,Ella Mai
81,2019,Rumor,Lee Brice
82,2019,Swervin,A Boogie wit da HoodieFeaturing6ix9ine
83,2019,How Do You Sleep?,Sam Smith
84,2019,Baby,Lil Baby&DaBaby
85,2019,Look What God Gave Her,Thomas Rhett
86,2019,Good As You,Kane Brown
87,2019,Clout,OffsetFeaturingCardi B
88,2019,Love Lies,Khalid&Normani
89,2019,One Thing Right,Marshmello&Kane Brown
90,2019,Cash Shit,Megan Thee StallionFeaturingDaBaby
91,2019,Tequila,Dan + Shay
92,2019,Shotta Flow,NLE Choppa
93,2019,Hot Girl Summer,"Megan Thee Stallion,Nicki Minaj&Ty Dolla $ign"
94,2019,Talk You Out Of It,Florida Georgia Line
95,2019,Beautiful,Bazzi FeaturingCamila Cabello
96,2019,Eyes On You,Chase Rice
97,2019,All To Myself,Dan + Shay
98,2019,Boyfriend,Ariana Grande& Social House
99,2019,Walk Me Home,P!nk
100,2019,Robbery,Juice WRLD
1,2020,Blinding Lights,The Weeknd
2,2020,Circles,Post Malone
3,2020,The Box,Roddy Ricch
4,2020,Don't Start Now,Dua Lipa
5,2020,Rockstar,DaBabyFeaturingRoddy Ricch
6,2020,Adore You,Harry Styles
7,2020,Life Is Good,FutureFeaturingDrake
8,2020,Memories,Maroon 5
9,2020,The Bones,Maren Morris
10,2020,Someone You Loved,Lewis Capaldi
11,2020,Say So,Doja Cat
12,2020,I Hope,Gabby BarrettFeaturing Charlie Puth
13,2020,Whats Poppin,"Jack HarlowFeaturingDaBaby,Tory Lanez&Lil Wayne"
14,2020,Dance Monkey,Tones And I
15,2020,Savage,Megan Thee StallionFeaturing Beyonce
16,2020,Roxanne,Arizona Zervas
17,2020,Intentions,Justin BieberFeaturingQuavo
18,2020,Everything I Wanted,Billie Eilish
19,2020,Roses,Saint Jhn
20,2020,Watermelon Sugar,Harry Styles
21,2020,Before You Go,Lewis Capaldi
22,2020,Falling,Trevor Daniel
23,2020,"10,000 Hours",Dan + Shay&Justin Bieber
24,2020,WAP,Cardi BFeaturingMegan Thee Stallion
25,2020,Ballin',Mustard&Roddy Ricch
26,2020,Hot Girl Bummer,Blackbear
27,2020,Blueberry Faygo,Lil Mosey
28,2020,Heartless,The Weeknd
29,2020,BOP,DaBaby
30,2020,Lose You To Love Me,Selena Gomez
31,2020,Good As Hell,Lizzo
32,2020,Toosie Slide,Drake
33,2020,Break My Heart,Dua Lipa
34,2020,Chasin' You,Morgan Wallen
35,2020,Savage Love (Laxed - Siren Beat),Jawsh 685 xJason Derulo
36,2020,No Guidance,Chris BrownFeaturingDrake
37,2020,My Oh My,Camila CabelloFeaturingDaBaby
38,2020,Dynamite,BTS
39,2020,Go Crazy,Chris Brown&Young Thug
40,2020,High Fashion,Roddy RicchFeaturingMustard
41,2020,Laugh Now Cry Later,DrakeFeaturingLil Durk
42,2020,Woah,Lil Baby
43,2020,Death Bed,Powfu Featuringbeabadoobee
44,2020,Senorita,Shawn Mendes&Camila Cabello
45,2020,HIGHEST IN THE ROOM,Travis Scott
46,2020,Bad Guy,Billie Eilish
47,2020,Mood,24kGoldnFeaturingiann dior
48,2020,Rain On Me,Lady Gaga&Ariana Grande
49,2020,For The Night,Pop SmokeFeaturingLil Baby&DaBaby
50,2020,RITMO (Bad Boys For Life),Black Eyed Peas XJ Balvin
51,2020,Heart On Ice,Rod Wave
52,2020,Nobody But You,Blake SheltonDuet WithGwen Stefani
53,2020,Trampoline,SHAED
54,2020,Come & Go,Juice WRLDxMarshmello
55,2020,Truth Hurts,Lizzo
56,2020,If The World Was Ending,JP SaxeFeaturingJulia Michaels
57,2020,We Paid,Lil Baby&42 Dugg
58,2020,Yummy,Justin Bieber
59,2020,One Man Band,Old Dominion
60,2020,Got What I Got,Jason Aldean
61,2020,Sunday Best,Surfaces
62,2020,Godzilla,EminemFeaturingJuice WRLD
63,2020,Bandit,Juice WRLD&YoungBoy Never Broke Again
64,2020,Party Girl,StaySolidRocky
65,2020,Die From A Broken Heart,Maddie & Tae
66,2020,Popstar,DJ KhaledFeaturingDrake
67,2020,All I Want For Christmas Is You,Mariah Carey
68,2020,One Of Them Girls,Lee Brice
69,2020,Hard To Forget,Sam Hunt
70,2020,One Margarita,Luke Bryan
71,2020,Panini,Lil Nas X
72,2020,Hot,Young ThugFeaturingGunna
73,2020,I Hope You're Happy Now,Carly Pearce&Lee Brice
74,2020,Emotionally Scarred,Lil Baby
75,2020,Suicidal,YNW Melly&Juice WRLD
76,2020,The Bigger Picture,Lil Baby
77,2020,Only Human,Jonas Brothers
78,2020,The Woo,Pop SmokeFeaturing50 Cent&Roddy Ricch
79,2020,Sum 2 Prove,Lil Baby
80,2020,Stuck With U,Ariana Grande&Justin Bieber
81,2020,Mood Swings,Pop SmokeFeaturingLil Tjay
82,2020,You Should Be Sad,Halsey
83,2020,Dior,Pop Smoke
84,2020,Supalonely,BENEE FeaturingGus Dapperton
85,2020,Even Though I'm Leaving,Luke Combs
86,2020,The Scotts,"THE SCOTTS,Travis Scott&Kid Cudi"
87,2020,Juicy,Doja Cat&Tyga
88,2020,Be Like That,Kane BrownWithSwae Lee&Khalid
89,2020,Homesick,Kane Brown
90,2020,Rags2Riches,Rod WaveFeaturing ATR Son Son
91,2020,Bluebird,Miranda Lambert
92,2020,Wishing Well,Juice WRLD
93,2020,Does To Me,Luke CombsFeaturingEric Church
94,2020,P*$$y Fairy (OTW),Jhene Aiko
95,2020,ily,Surf Mesa Featuring Emilee
96,2020,More Than My Hometown,Morgan Wallen
97,2020,Lovin' On You,Luke Combs
98,2020,Said Sum,Moneybagg Yo
99,2020,Slide,H.E.R. FeaturingYG
100,2020,Walk Em Down,NLE Choppa FeaturingRoddy Ricch
1,2021,Levitating,Dua Lipa
2,2021,Save Your Tears,The Weeknd& Ariana Grande
3,2021,Blinding Lights,The Weeknd
4,2021,Mood,24kGoldnFeaturingiann dior
5,2021,Good 4 U,Olivia Rodrigo
6,2021,Kiss Me More,Doja CatFeaturingSZA
7,2021,Leave The Door Open,Silk Sonic(Bruno Mars&Anderson .Paak)
8,2021,Drivers License,Olivia Rodrigo
9,2021,Montero (Call Me By Your Name),Lil Nas X
10,2021,Peaches,Justin BieberFeaturingDaniel Caesar& Giveon
11,2021,Butter,BTS
12,2021,Stay,The Kid LAROI &Justin Bieber
13,2021,Deja Vu,Olivia Rodrigo
14,2021,Positions,Ariana Grande
15,2021,Bad Habits,Ed Sheeran
16,2021,Heat Waves,Glass Animals
17,2021,Without You,The Kid LAROI
18,2021,Forever After All,Luke Combs
19,2021,Go Crazy,Chris Brown&Young Thug
20,2021,Astronaut In The Ocean,Masked Wolf
21,2021,34+35,Ariana GrandeFeat. Doja Cat & Megan Thee Stallion
22,2021,What You Know Bout Love,Pop Smoke
23,2021,My Ex's Best Friend,Machine Gun Kelly XBlackbear
24,2021,Industry Baby,Lil Nas X&Jack Harlow
25,2021,Therefore I Am,Billie Eilish
26,2021,Up,Cardi B
27,2021,Fancy Like,Walker Hayes
28,2021,Dakiti,Bad Bunny& Jhay Cortez
29,2021,Best Friend,Saweetie FeaturingDoja Cat
30,2021,Rapstar,Polo G
31,2021,Heartbreak Anniversary,Giveon
32,2021,For The Night,Pop SmokeFeaturingLil Baby&DaBaby
33,2021,Calling My Phone,Lil TjayFeaturing6LACK
34,2021,Beautiful Mistakes,Maroon 5FeaturingMegan Thee Stallion
35,2021,Holy,Justin BieberFeaturingChance the Rapper
36,2021,On Me,Lil Baby
37,2021,You Broke Me First.,Tate McRae
38,2021,Traitor,Olivia Rodrigo
39,2021,Back In Blood,Pooh Shiesty FeaturingLil Durk
40,2021,I Hope,Gabby BarrettFeaturing Charlie Puth
41,2021,Dynamite,BTS
42,2021,Wockesha,Moneybagg Yo
43,2021,You Right,Doja Cat&The Weeknd
44,2021,Beat Box,SpotemGottem Featuring Pooh Shiesty OrDaBaby
45,2021,Laugh Now Cry Later,DrakeFeaturingLil Durk
46,2021,Need To Know,Doja Cat
47,2021,Wants And Needs,DrakeFeaturingLil Baby
48,2021,Way 2 Sexy,DrakeFeaturingFuture&Young Thug
49,2021,Telepatia,Kali Uchis
50,2021,Whoopty,CJ
51,2021,Lemonade,Internet Money&GunnaFeaturingDon Toliver&Nav
52,2021,Good Days,SZA
53,2021,Starting Over,Chris Stapleton
54,2021,Body,Megan Thee Stallion
55,2021,Willow,Taylor Swift
56,2021,Bang!,AJR
57,2021,Better Together,Luke Combs
58,2021,You're Mines Still,Yung Bleu FeaturingDrake
59,2021,Every Chance I Get,DJ KhaledFeaturingLil Baby&Lil Durk
60,2021,Essence,WizkidFeaturingJustin Bieber&Tems
61,2021,Chasing After You,Ryan HurdWithMaren Morris
62,2021,The Good Ones,Gabby Barrett
63,2021,Leave Before You Love Me,MarshmelloXJonas Brothers
64,2021,Glad You Exist,Dan + Shay
65,2021,Lonely,Justin Bieber&Benny Blanco
66,2021,Beggin',Maneskin
67,2021,Streets,Doja Cat
68,2021,What's Next,Drake
69,2021,Famous Friends,Chris Young+Kane Brown
70,2021,Lil Bit,Nelly&Florida Georgia Line
71,2021,Thot Shit,Megan Thee Stallion
72,2021,Late At Night,Roddy Ricch
73,2021,Kings & Queens,Ava Max
74,2021,Anyone,Justin Bieber
75,2021,Track Star,Mooski
76,2021,Time Today,Moneybagg Yo
77,2021,Cry Baby,Megan Thee StallionFeaturingDaBaby
78,2021,All I Want For Christmas Is You,Mariah Carey
79,2021,No More Parties,Coi LerayFeaturingLil Durk
80,2021,What's Your Country Song,Thomas Rhett
81,2021,One Too Many,Keith UrbanDuet With P!nk
82,2021,Arcade,Duncan Laurence
83,2021,Yonaguni,Bad Bunny
84,2021,Good Time,Niko Moon
85,2021,If I Didn't Love You,Jason Aldean&Carrie Underwood
86,2021,Knife Talk,DrakeFeaturing21 Savage&Project Pat
87,2021,pov,Ariana Grande
88,2021,Just The Way,ParmaleexBlanco Brown
89,2021,Take My Breath,The Weeknd
90,2021,We're Good,Dua Lipa
91,2021,Hell Of A View,Eric Church
92,2021,Rockin' Around The Christmas Tree,Brenda Lee
93,2021,Put Your Records On,Ritt Momney
94,2021,Happier Than Ever,Billie Eilish
95,2021,Single Saturday Night,Cole Swindell
96,2021,Things A Man Oughta Know,Lainey Wilson
97,2021,Throat Baby (Go Baby),BRS Kash
98,2021,Tombstone,Rod Wave
99,2021,Drinkin' Beer. Talkin' God. Amen.,Chase RiceFeaturingFlorida Georgia Line
100,2021,Todo de Ti,Rauw Alejandro
1,2022,Heat Waves,Glass Animals
2,2022,As It Was,Harry Styles
3,2022,Stay,The Kid LAROI &Justin Bieber
4,2022,Easy On Me,Adele
5,2022,Shivers,Ed Sheeran
6,2022,First Class,Jack Harlow
7,2022,Big Energy,Latto
8,2022,Ghost,Justin Bieber
9,2022,Super Gremlin,Kodak Black
10,2022,Cold Heart (PNAU Remix),Elton John&Dua Lipa
11,2022,Wait For U,FutureFeaturingDrake&Tems
12,2022,About Damn Time,Lizzo
13,2022,Bad Habits,Ed Sheeran
14,2022,Thats What I Want,Lil Nas X
15,2022,Enemy,Imagine DragonsX JID
16,2022,Industry Baby,Lil Nas X&Jack Harlow
17,2022,abcdefu,GAYLE
18,2022,Need To Know,Doja Cat
19,2022,Wasted On You,Morgan Wallen
20,2022,Me Porto Bonito,Bad Bunny& Chencho Corleone
21,2022,Woman,Doja Cat
22,2022,Titi Me Pregunto,Bad Bunny
23,2022,Running Up That Hill (A Deal With God),Kate Bush
24,2022,We Don't Talk About Bruno,"Carolina Gaitan, Mauro Castillo,Adassa, Rhenzy Feliz, Diane Guerrero, Stephanie Beatriz & Encanto Cast"
25,2022,Late Night Talking,Harry Styles
26,2022,I Like You (A Happier Song),Post MaloneFeaturingDoja Cat
27,2022,You Proof,Morgan Wallen
28,2022,Bad Habit,Steve Lacy
29,2022,Sunroof,Nicky Youre & dazy
30,2022,One Right Now,Post Malone&The Weeknd
31,2022,Good 4 U,Olivia Rodrigo
32,2022,Numb Little Bug,Em Beihold
33,2022,Jimmy Cooks,DrakeFeaturing21 Savage
34,2022,'Til You Can't,Cody Johnson
35,2022,Fancy Like,Walker Hayes
36,2022,The Kind Of Love We Make,Luke Combs
37,2022,I Ain't Worried,OneRepublic
38,2022,Break My Soul,Beyonce
39,2022,Something In The Orange,Zach Bryan
40,2022,Save Your Tears,The Weeknd& Ariana Grande
41,2022,Smokin Out The Window,Silk Sonic(Bruno Mars&Anderson .Paak)
42,2022,Levitating,Dua Lipa
43,2022,In A Minute,Lil Baby
44,2022,Moscow Mule,Bad Bunny
45,2022,You Right,Doja Cat&The Weeknd
46,2022,She Had Me At Heads Carolina,Cole Swindell
47,2022,Vegas,Doja Cat
48,2022,Pushin P,Gunna&FutureFeaturingYoung Thug
49,2022,Buy Dirt,Jordan DavisFeaturingLuke Bryan
50,2022,I Hate U,SZA
51,2022,Boyfriend,Dove Cameron
52,2022,Glimpse Of Us,Joji
53,2022,Surface Pressure,Jessica Darrow
54,2022,Fall In Love,Bailey Zimmerman
55,2022,Love Nwantiti (Ah Ah Ah),CKay
56,2022,Super Freaky Girl,Nicki Minaj
57,2022,Hrs And Hrs,muni long
58,2022,Sand In My Boots,Morgan Wallen
59,2022,MAMIII,Becky GXKarol G
60,2022,Knife Talk,DrakeFeaturing21 Savage&Project Pat
61,2022,AA,Walker Hayes
62,2022,Sweetest Pie,Megan Thee Stallion&Dua Lipa
63,2022,Provenza,Karol G
64,2022,Essence,WizkidFeaturingJustin Bieber&Tems
65,2022,All I Want For Christmas Is You,Mariah Carey
66,2022,Bam Bam,Camila CabelloFeaturingEd Sheeran
67,2022,5 Foot 9,Tyler Hubbard
68,2022,Get Into It (Yuh),Doja Cat
69,2022,Efecto,Bad Bunny
70,2022,Rock And A Hard Place,Bailey Zimmerman
71,2022,Doin' This,Luke Combs
72,2022,Oh My God,Adele
73,2022,Better Days,NEIKED X Mae Muller XPolo G
74,2022,Meet Me At Our Spot,THE ANXIETY: WILLOW & Tyler Cole
75,2022,Fingers Crossed,Lauren Spencer Smith
76,2022,All Too Well (Taylor's Version),Taylor Swift
77,2022,Party,Bad Bunny&Rauw Alejandro
78,2022,Despues de La Playa,Bad Bunny
79,2022,You Should Probably Leave,Chris Stapleton
80,2022,Rockin' Around The Christmas Tree,Brenda Lee
81,2022,Broadway Girls,Lil DurkFeaturingMorgan Wallen
82,2022,Take My Name,Parmalee
83,2022,What Happened To Virgil,Lil DurkFeaturingGunna
84,2022,Puffin On Zootiez,Future
85,2022,Like I Love Country Music,Kane Brown
86,2022,Jingle Bell Rock,Bobby Helms
87,2022,Ojitos Lindos,Bad Bunny& Bomba Estereo
88,2022,Trouble With A Heartbreak,Jason Aldean
89,2022,A Holly Jolly Christmas,Burl Ives
90,2022,Kiss Me More,Doja CatFeaturingSZA
91,2022,She Likes It,Russell Dickerson& Jake Scott
92,2022,Never Say Never,Cole Swindell/Lainey Wilson
93,2022,Damn Strait,Scotty McCreery
94,2022,She's All I Wanna Be,Tate McRae
95,2022,Last Night Lonely,Jon Pardi
96,2022,Flower Shops,ERNESTFeaturingMorgan Wallen
97,2022,To The Moon!,JNR CHOI & Sam Tompkins
98,2022,Unholy,Sam Smith&Kim Petras
99,2022,One Mississippi,Kane Brown
100,2022,Circles Around This Town,Maren Morris
1,2023,Last Night,Morgan Wallen
2,2023,Flowers,Miley Cyrus
3,2023,Kill Bill,SZA
4,2023,Anti-Hero,Taylor Swift
5,2023,Creepin',"Metro Boomin,The Weeknd&21 Savage"
6,2023,Calm Down,Rema&Selena Gomez
7,2023,Die For You,The Weeknd&Ariana Grande
8,2023,Fast Car,Luke Combs
9,2023,Snooze,SZA
10,2023,I'm Good (Blue),David Guetta&Bebe Rexha
11,2023,Unholy,Sam Smith&Kim Petras
12,2023,You Proof,Morgan Wallen
13,2023,Something In The Orange,Zach Bryan
14,2023,Rich Flex,Drake&21 Savage
15,2023,As It Was,Harry Styles
16,2023,Rock And A Hard Place,Bailey Zimmerman
17,2023,Under The Influence,Chris Brown
18,2023,Cruel Summer,Taylor Swift
19,2023,Thinkin' Bout Me,Morgan Wallen
20,2023,"Boy's A Liar, Pt. 2",PinkPantheress&Ice Spice
21,2023,Favorite Song,Toosii
22,2023,Thought You Should Know,Morgan Wallen
23,2023,Thank God,Kane BrownWith Katelyn Brown
24,2023,Sure Thing,Miguel
25,2023,All My Life,Lil DurkFeaturingJ. Cole
26,2023,Ella Baila Sola,Eslabon ArmadoXPeso Pluma
27,2023,Karma,Taylor SwiftFeaturing Ice Spice
28,2023,Just Wanna Rock,Lil Uzi Vert
29,2023,Cuff It,Beyonce
30,2023,Vampire,Olivia Rodrigo
31,2023,Fukumean,Gunna
32,2023,Lavender Haze,Taylor Swift
33,2023,Players,Coi Leray
34,2023,Need A Favor,Jelly Roll
35,2023,Dance The Night,Dua Lipa
36,2023,Love You Anyway,Luke Combs
37,2023,One Thing At A Time,Morgan Wallen
38,2023,Superhero (Heroes & Villains),"Metro Boomin,Future&Chris Brown"
39,2023,Bad Habit,Steve Lacy
40,2023,La Bebe,Yng Lvcas xPeso Pluma
41,2023,Golden Hour,JVKE
42,2023,Religiously,Bailey Zimmerman
43,2023,Spin Bout U,Drake&21 Savage
44,2023,Cupid,Fifty Fifty
45,2023,Search & Rescue,Drake
46,2023,Barbie World,Nicki Minaj&Ice SpiceWithAqua
47,2023,Next Thing You Know,Jordan Davis
48,2023,Escapism,RAYEFeaturing070 Shake
49,2023,Un x100to,Grupo FronteraXBad Bunny
50,2023,Until I Found You,Stephen Sanchez
51,2023,Shirt,SZA
52,2023,Paint The Town Red,Doja Cat
53,2023,Made You Look,Meghan Trainor
54,2023,Wait In The Truck,HARDYFeaturingLainey Wilson
55,2023,All I Want For Christmas Is You,Mariah Carey
56,2023,Everything I Love,Morgan Wallen
57,2023,Chemical,Post Malone
58,2023,Heart Like A Truck,Lainey Wilson
59,2023,"Going, Going, Gone",Luke Combs
60,2023,Rockin' Around The Christmas Tree,Brenda Lee
61,2023,Dancin' In The Country,Tyler Hubbard
62,2023,Daylight,David Kushner
63,2023,Lift Me Up,Rihanna
64,2023,Eyes Closed,Ed Sheeran
65,2023,TQG,Karol GxShakira
66,2023,Try That In A Small Town,Jason Aldean
67,2023,Tennessee Orange,Megan Moroney
68,2023,Jingle Bell Rock,Bobby Helms
69,2023,Princess Diana,Ice Spice&Nicki Minaj
70,2023,Tomorrow 2,Glorilla&Cardi B
71,2023,A Holly Jolly Christmas,Burl Ives
72,2023,Where She Goes,Bad Bunny
73,2023,Bebe Dame,Fuerza RegidaXGrupo Frontera
74,2023,I Remember Everything,Zach BryanFeaturingKacey Musgraves
75,2023,I Like You (A Happier Song),Post MaloneFeaturingDoja Cat
76,2023,What It Is (Block Boy),DoechiiFeaturingKodak Black
77,2023,Nobody Gets Me,SZA
78,2023,Rich Men North Of Richmond,Oliver Anthony Music
79,2023,Super Freaky Girl,Nicki Minaj
80,2023,Dial Drunk,Noah KahanWithPost Malone
81,2023,What Was I Made For?,Billie Eilish
82,2023,Seven,Jung KookFeaturingLatto
83,2023,Wait For U,FutureFeaturingDrake&Tems
84,2023,Last Christmas,Wham!
85,2023,Handle On You,Parker McCollum
86,2023,Por Las Noches,Peso Pluma
87,2023,Memory Lane,Old Dominion
88,2023,Area Codes,Kaliii
89,2023,Bury Me In Georgia,Kane Brown
90,2023,PRC,Peso PlumaXNatanael Cano
91,2023,What My World Spins Around,Jordan Davis
92,2023,Ain't That Some,Morgan Wallen
93,2023,Wild As Her,Corey Kent
94,2023,Peaches & Eggplants,Young Nudy Featuring21 Savage
95,2023,I Wrote The Book,Morgan Wallen
96,2023,"Bzrp Music Sessions, Vol. 53",Bizarrap &Shakira
97,2023,Meltdown,Travis ScottFeaturingDrake
98,2023,Put It On Da Floor Again,LattoFeaturingCardi B
99,2023,Bloody Mary,Lady Gaga
100,2023,Watermelon Moonshine,Lainey Wilson
