Rank,Year,Title,Artist,Spotify_ID
1,2013,Thrift Shop,Macklemore & Ryan Lewis Featuring Wanz,6CjtS2JZH9RkDz5UVInsa9
2,2013,Blurred Lines,Robin ThickeFeaturing T.I. + Pharrell,
3,2013,Radioactive,Imagine Dragons,4G8gkOterJn0Ywt6uhqbhp
4,2013,Harlem Shake,Baauer,01XFgRZfZI7oBagNf1Loml
5,2013,Can't Hold Us,Macklemore & Ryan Lewis FeaturingRay Dalton,22skzmqfdWrjJylampe0kt
6,2013,Mirrors,Justin Timberlake,4rHZZAmHpZrA3iH5zx8frV
7,2013,Just Give Me A Reason,P!nk Featuring Nate Ruess,1mKXFLRA179hdOWQBwUk9e
8,2013,When I Was Your Man,Bruno Mars,0nJW01T7XtvILxQgC5J7Wh
9,2013,Cruise,Florida Georgia LineFeaturingNelly,
10,2013,Roar,Katy Perry,27tNWlhdAryQY04Gb2ZhUI
11,2013,Locked Out Of Heaven,Bruno Mars,3w3y8KPTfNeOKPiqUTakBh
12,2013,Ho Hey,The Lumineers,0DwClY2t9YAWHBROMIgrXb
13,2013,Stay,RihannaFeaturing Mikky Ekko,
14,2013,Get Lucky,Daft PunkFeaturingPharrell Williams,
15,2013,Royals,Lorde,2dLLR6qlu5UJ5gk0dKz0h3
16,2013,I Knew You Were Trouble.,Taylor Swift,6FB3v4YcR57y4tXFcdxI1E
17,2013,We Can't Stop,Miley Cyrus,2y4lAQpi5VTNLu2ldeTdUH
18,2013,Wrecking Ball,Miley Cyrus,2vwlzO0Qp8kfEtzTsCXfyE
19,2013,Wake Me Up!,Avicii,0nrRP2bk19rLc0orkWPQk2
20,2013,Suit & Tie,Justin TimberlakeFeaturing JAY Z,
21,2013,Cups (Pitch Perfect's When I'm Gone),Anna Kendrick,6mH3qVIeOsnQIAho5eWwhH
22,2013,Holy Grail,Jay Z FeaturingJustin Timberlake,
23,2013,Scream & Shout,will.i.am&Britney Spears,2iJuuzV8P9Yz0VSurttIV5
24,2013,Clarity,ZeddFeaturingFoxes,
25,2013,Sail,AWOLNATION,7ueP5u2qkdZbIPN2YA6LR0
26,2013,Don't You Worry Child,Swedish House MafiaFeaturingJohn Martin,
27,2013,Diamonds,Rihanna,1z9kQ14XBSN0r2v6fx4IdG
28,2013,I Love It,Icona PopFeaturingCharli xcx,
29,2013,Safe And Sound,Capital Cities,5JVbvCHX10U2pLa5DEqGav
30,2013,Treasure,Bruno Mars,55h7vJchibLdUkxdlX3fK7
31,2013,The Way,Ariana GrandeFeaturingMac Miller,
32,2013,Started From The Bottom,Drake,5DI9jxTHrEiFAhStG7VA8E
33,2013,Come & Get It,Selena Gomez,6LoQHIo74tOzQ8EsLEkhgF
34,2013,"Hold On, We're Going Home",DrakeFeaturingMajid Jordan,
35,2013,Daylight,Maroon 5,6TwfdLbaxTKzQi3AgsZNzx
36,2013,Feel This Moment,PitbullFeaturingChristina Aguilera,
37,2013,Applause,Lady Gaga,5ka2ajep9OAvU5Sgduhiex
38,2013,One More Night,Maroon 5,4XNrMwGx1SqP01sqkGTDmo
39,2013,Love Me,Lil WayneFeaturingDrake&Future,
40,2013,My Songs Know What You Did In The Dark (Light Em Up),Fall Out Boy,2E43WFS4rRc09za2r2GmZl
41,2013,F**kin Problems,"A$AP RockyFeaturingDrake,2 Chainz&Kendrick Lamar",
42,2013,Beauty And A Beat,Justin BieberFeaturingNicki Minaj,
43,2013,Same Love,Macklemore & Ryan Lewis FeaturingMary Lambert,01uqI4H13Gsd8Lyl1EYd8H
44,2013,Sweet Nothing,Calvin HarrisFeaturing Florence Welch,
45,2013,Summertime Sadness,Lana Del Reyvs.Cedric Gervais,
46,2013,Home,Phillip Phillips,1EAgPzRbK9YmdOESSMUm6P
47,2013,It's Time,Imagine Dragons,6BtmXhTJMM9sBTHeYYASGz
48,2013,Power Trip,J. ColeFeaturingMiguel,
49,2013,Girl On Fire,Alicia KeysFeaturingNicki Minaj,
50,2013,Heart Attack,Demi Lovato,1V6gIisPpYqgFeWbMLI0bA
51,2013,Love Somebody,Maroon 5,0HnaqUxvHP5LaWdmWwJpiS
52,2013,I Will Wait,Mumford & Sons,3Bclyko7WmwM2oGmKj8sue
53,2013,Try,P!nk,1jF7IL57ayN4Ity3jQqGu0
54,2013,Wagon Wheel,Darius Rucker,3xdjjKMcMOFgo1eQrfbogM
55,2013,Gangnam Style,PSY,03UrZgTINDqvnUMbbIMhql
56,2013,I Need Your Love,Calvin HarrisFeaturingEllie Goulding,
57,2013,Die Young,Ke$ha,7EQGXaVSyEDsCWKmUcfpLk
58,2013,Some Nights,fun.,6t6oULCRS6hnI7rm0h5gwl
59,2013,Bad,WaleFeaturingTiara ThomasOrRihanna,
60,2013,Boys 'Round Here,Blake SheltonFeaturingPistol Annies&Friends,
61,2013,"Gone, Gone, Gone",Phillip Phillips,56sxN1yKg1dgOZXBcAHkJG
62,2013,Demons,Imagine Dragons,3LlAyCYU26dvFZBDUIMb7a
63,2013,Counting Stars,OneRepublic,2tpWsVSb9UEmDRxAl1zhX1
64,2013,I Cry,Flo Rida,4bZd0nRuX8HyjeXAUBczvm
65,2013,Little Talks,Of Monsters and Men,2ihCaVdNZmnHZWt0fvAM7B
66,2013,The Other Side,Jason Derulo,5FljCWR0cys07PQ9277GTz
67,2013,Berzerk,Eminem,6Xk7PnitV9jCRorWt2LiVZ
68,2013,Catch My Breath,Kelly Clarkson,5qxPabNDnJQ551Tf4v6k3j
69,2013,Crash My Party,Luke Bryan,6GBUsjHfZuweYf5lQEz6mP
70,2013,Pour It Up,Rihanna,76VtA90NKurNqaQpV126Ue
71,2013,22,Taylor Swift,3yII7UwgLF6K5zW3xad3MP
72,2013,I Want Crazy,Hunter Hayes,4FkgULes13bk2eHrsJg4q9
73,2013,The Fox,Ylvis,5HOpkTTVcmZHnthgyxrIL8
74,2013,Best Song Ever,One Direction,5T7ZFtCcOgkpjxcuaeZbw0
75,2013,The A Team,Ed Sheeran,1VdZ0vKfR5jneCmWIUAMxK
76,2013,Carry On,fun.,7gpy7sfWPNuOKmUNs3XQYE
77,2013,Highway Don't Care,Tim McGrawWithTaylor Swift,
78,2013,That's My Kind Of Night,Luke Bryan,5HGibWoxnkYSkl6mHmAlOE
79,2013,Swimming Pools (Drank),Kendrick Lamar,6REbwUNlppTfcnV4d4ZoZi
80,2013,Sure Be Cool If You Did,Blake Shelton,5yIiXdLRE85OBiQmCaUenq
81,2013,#Beautiful,Mariah CareyFeaturingMiguel,
82,2013,Troublemaker,Olly MursFeaturingFlo Rida,
83,2013,Body Party,Ciara,0rFZaQ4crlGAzuCjWCQ2xu
84,2013,Adorn,Miguel,25cUhiAod71TIQSNicOaW3
85,2013,Hall Of Fame,The ScriptFeaturingwill.i.am,
86,2013,Let Me Love You (Until You Learn To Love Yourself),Ne-Yo,4kte3OcW800TPvOVgrLLj8
87,2013,U.O.E.N.O.,Rocko FeaturingFuture&Rick Ross,
88,2013,Next To Me,Emeli Sande,1Xsxp1SEOxuMzjrFZhtw8u
89,2013,Mama's Broken Heart,Miranda Lambert,2mXsZsJBThTaJXbNcg5QD4
90,2013,It Goes Like This,Thomas Rhett,6GsAD8PgHxmEuIPTG8GP3M
91,2013,Bugatti,Ace HoodFeaturingFuture&Rick Ross,
92,2013,Wanted,Hunter Hayes,0p1BcEcYVO3uk4KDf3gzkY
93,2013,Downtown,Lady Antebellum,4kY7rYtE4OQkJNq22OIYRI
94,2013,Get Your Shine On,Florida Georgia Line,6s9ICeczYOfbHHIaSMq9jd
95,2013,#thatPOWER,will.i.amFeaturingJustin Bieber,
96,2013,Brave,Sara Bareilles,6Uy6K3KdmUdAfelUp0SeXn
97,2013,Let Her Go,Passenger,1KxwZYyzWNyZSRyErj2ojT
98,2013,Runnin' Outta Moonlight,Randy Houser,4vlJejZrcujj0nSCqIBeWn
99,2013,I'm Different,2 Chainz,1odwi1SN3pJKENZe12U2OQ
100,2013,Still Into You,Paramore,1yjY7rpaAQvKwpdUliHx0d
1,2014,Happy,Pharrell Williams,60nZcImufyMA1MKQY3dcCH
2,2014,Dark Horse,Katy PerryFeaturingJuicy J,
3,2014,All Of Me,John Legend,3U4isOIWM3VvDubwSI3y7a
4,2014,Fancy,Iggy AzaleaFeaturingCharli xcx,
5,2014,Counting Stars,OneRepublic,2tpWsVSb9UEmDRxAl1zhX1
6,2014,Talk Dirty,Jason DeruloFeaturing2 Chainz,
7,2014,Rude,MAGIC!,6RtPijgfPKROxEzTHNRiDp
8,2014,All About That Bass,Meghan Trainor,5jE48hhRu8E6zBDPRSkEq7
9,2014,Problem,Ariana GrandeFeaturingIggy Azalea,
10,2014,Stay With Me,Sam Smith,5Nm9ERjJZ5oyfXZTECKmRt
11,2014,Timber,PitbullFeaturing Ke$ha,
12,2014,Pompeii,Bastille,3gbBpTdY8lnQwqxNCcf795
13,2014,Shake It Off,Taylor Swift,5xTtaWoae3wi06K5WfVUUH
14,2014,Am I Wrong,Nico & Vinz,1fidCEsYlaVE3pHwKCvpFZ
15,2014,Turn Down For What,DJ Snake&Lil Jon,67awxiNHNyjMXhVgsHuIrs
16,2014,The Monster,EminemFeaturingRihanna,
17,2014,Say Something,A Great Big World&Christina Aguilera,6Vc5wAMmXdKIAM7WUoEb7N
18,2014,Team,Lorde,3G6hD9B2ZHOsgf4WfNu7X1
19,2014,Let Her Go,Passenger,1KxwZYyzWNyZSRyErj2ojT
20,2014,Royals,Lorde,2dLLR6qlu5UJ5gk0dKz0h3
21,2014,Let It Go,Idina Menzel,0qcr5FMsEO85NAQjrlDRKo
22,2014,Wake Me Up!,Avicii,0nrRP2bk19rLc0orkWPQk2
23,2014,Demons,Imagine Dragons,3LlAyCYU26dvFZBDUIMb7a
24,2014,Story Of My Life,One Direction,4nVBt6MZDDP6tRVdQTgxJg
25,2014,Chandelier,Sia,2s1sdSqGcKxpPr5lCl7jAV
26,2014,Black Widow,Iggy AzaleaFeaturingRita Ora,
27,2014,Bang Bang,"Jessie J,Ariana Grande&Nicki Minaj",0puf9yIluy9W0vpMEUoAnN
28,2014,Latch,DisclosureFeaturingSam Smith,
29,2014,Maps,Maroon 5,4gbVRS8gloEluzf0GzDOFc
30,2014,Loyal,Chris BrownFeaturingLil Wayne&French MontanaOrToo $hortOrTyga,
31,2014,Best Day Of My Life,American Authors,5Hroj5K7vLpIG4FNCRIjbP
32,2014,Habits (Stay High),Tove Lo,14OxJlLdcHNpgsm4DRwDOB
33,2014,Summer,Calvin Harris,6YUTL4dYpB9xZO5qExPf05
34,2014,Boom Clap,Charli xcx,0Y1MWB026LYxGvhq4EcMiC
35,2014,Drunk In Love,Beyonce Featuring Jay Z,6jG2YzhxptolDzLHTGLt7S
36,2014,Anaconda,Nicki Minaj,4M7aciOBSbGnh1bN3YbuS0
37,2014,Break Free,Ariana GrandeFeaturingZedd,
38,2014,Bailando,Enrique IglesiasFeaturingDescemer Bueno&Gente De Zona,
39,2014,Burn,Ellie Goulding,5lF0pHbsJ0QqyIrLweHJPW
40,2014,Wiggle,Jason DeruloFeaturingSnoop Dogg,
41,2014,Rather Be,Clean BanditFeaturingJess Glynne,
42,2014,Don't Tell 'Em,JeremihFeaturingYG,
43,2014,Show Me,Kid InkFeaturingChris Brown,
44,2014,Wrecking Ball,Miley Cyrus,2vwlzO0Qp8kfEtzTsCXfyE
45,2014,Not A Bad Thing,Justin Timberlake,3nB82yGjtbQFSU0JLAwLRH
46,2014,Roar,Katy Perry,27tNWlhdAryQY04Gb2ZhUI
47,2014,Ain't It Fun,Paramore,1j8z4TTjJ1YOdoFEDwJTQa
48,2014,The Man,Aloe Blacc,4e6ZN0EcEqYx74BTC5xQzy
49,2014,This Is How We Roll,Florida Georgia LineFeaturingLuke Bryan,
50,2014,Classic,MKTO,6FE2iI43OZnszFLuLtvvmg
51,2014,A Sky Full Of Stars,Coldplay,0FDzzruyVECATHXKHFs9eJ
52,2014,Don't,Ed Sheeran,6gTJaPuj8DT8RjuDJyBgzP
53,2014,Na Na,Trey Songz,5maiP9UMnTSgoxPX8X3bdz
54,2014,Hot Boy,Bobby Shmurda,0rFke7eNFHbGuGJUdRgjB2
55,2014,"Hold On, We're Going Home",DrakeFeaturingMajid Jordan,
56,2014,Sing,Ed Sheeran,6K8qKeWo5MsFED7wCR6Kop
57,2014,Radioactive,Imagine Dragons,4G8gkOterJn0Ywt6uhqbhp
58,2014,My Hitta,YGFeaturingJeezy& Rich Homie Quan,
59,2014,Cool Kids,Echosmith,13P5rwmk2EsoFRIz9UCeh9
60,2014,Hey Brother,Avicii,4lhqb6JvbHId48OUJGwymk
61,2014,Trumpets,Jason Derulo,5KONnBIQ9LqCxyeSPin26k
62,2014,Animals,Maroon 5,2bL2gyO6kBdLkNSkxXNh6x
63,2014,Burnin' It Down,Jason Aldean,32FcjEWPn4aSRqJ6loL01b
64,2014,Play It Again,Luke Bryan,03fT3OHB9KyMtGMt2zwqCT
65,2014,2 On,TinasheFeaturingScHoolboy Q,
66,2014,Dirt,Florida Georgia Line,5CXnIPD6rTjszYYQm6fY2P
67,2014,Love Runs Out,OneRepublic,5BJSZocnCeSNeYMj3iVqM7
68,2014,Bottoms Up,Brantley Gilbert,0HZUp8fm9fh1Mitqx4CIOr
69,2014,Shower,Becky G,3DmW6y7wTEYHJZlLo1r6XJ
70,2014,Me And My Broken Heart,Rixton,1oew3nFNY3vMacJAsvry0S
71,2014,Animals,Martin Garrix,0A9mHc7oYUoCECqByV8cQR
72,2014,Lifestyle,Rich Gang FeaturingYoung Thug& Rich Homie Quan,
73,2014,American Kids,Kenny Chesney,1dgWTMoHwTUnQhOQ8SR5fV
74,2014,Brave,Sara Bareilles,6Uy6K3KdmUdAfelUp0SeXn
75,2014,Sweater Weather,The Neighbourhood,2QjOHCTQ1Jl3zawyYOpxh6
76,2014,Leave The Night On,Sam Hunt,3wx2kQWPn9p5UppQbNhPAk
77,2014,New Flame,Chris BrownFeaturingUsher&Rick Ross,
78,2014,Love Never Felt So Good,Michael Jackson &Justin Timberlake,48td6xvpokdYwvbl3JIiXP
79,2014,Drunk On A Plane,Dierks Bentley,1soxUgYIZb1qx1c7o1Lc7z
80,2014,Birthday,Katy Perry,2xLOMHjkOK8nzxJ4r6yOKR
81,2014,Bartender,Lady Antebellum,1qFQKFt9fp1LU9QsvFbyPS
82,2014,La La La,Naughty Boy FeaturingSam Smith,
83,2014,Blurred Lines,Robin ThickeFeaturing T.I. + Pharrell,
84,2014,Do What U Want,Lady GagaFeaturingR. Kelly,
85,2014,Can't Remember To Forget You,ShakiraFeaturingRihanna,
86,2014,Amnesia,5 Seconds of Summer,1JCCdiru7fhstOIF4N7WJC
87,2014,No Mediocre,T.I. FeaturingIggy Azalea,
88,2014,Come With Me Now,KONGOS,2kWowW0k4oFymhkr7LmvzO
89,2014,Believe Me,Lil WayneFeaturingDrake,
90,2014,23,"Mike Will Made-ItFeaturingMiley Cyrus,Wiz Khalifa&Juicy J",
91,2014,Beachin',Jake Owen,5dNGORzxFb5z3v7vSAFkTU
92,2014,White Walls,Macklemore & Ryan Lewis FeaturingScHoolboy Q&Hollis,1o1Pny4JcE3LdUBeBedbm6
93,2014,She Looks So Perfect,5 Seconds of Summer,1gugDOSMREb34Xo0c1PlxM
94,2014,Stay The Night,ZeddFeaturingHayley Williams,
95,2014,Partition,Beyonce,5hgnY0mVcVetszbb85qeDg
96,2014,Studio,ScHoolboy QFeaturingBJ the Chicago Kid,
97,2014,0 To 100 / The Catch Up,Drake,4jtyUzZm9WLc2AdaJ1dso7
98,2014,I Don't Dance,Lee Brice,5aj0xPGiEUN3aI2oOYu14S
99,2014,Somethin' Bad,Miranda LambertDuet WithCarrie Underwood,
100,2014,Adore You,Miley Cyrus,5AnCLGg35ziFOloEnXK4uu
1,2015,Uptown Funk!,Mark RonsonFeaturingBruno Mars,
2,2015,Thinking Out Loud,Ed Sheeran,1Slwb6dOYkBlWal1PGtnNg
3,2015,See You Again,Wiz KhalifaFeaturingCharlie Puth,
4,2015,Trap Queen,Fetty Wap,2d8JP84HNLKhmd6IYOoupQ
5,2015,Sugar,Maroon 5,2iuZJX9X9P0GKaE93xcPjk
6,2015,Shut Up And Dance,Walk the Moon,4kbj5MwxO1bq9wjT5g9HaA
7,2015,Blank Space,Taylor Swift,1p80LdxRV74UKvL8gnD7ky
8,2015,Watch Me,Silento,5RIVoVdkDLEygELLCniZFr
9,2015,Earned It (Fifty Shades Of Grey),The Weeknd,4frLb7nWtsz2ymBE6k2GRP
10,2015,The Hills,The Weeknd,7fBv7CLKzipRk6EC6TWHOB
11,2015,Cheerleader,OMI,023OVLNzXhX0j7CxswUt6D
12,2015,Can't Feel My Face,The Weeknd,22VdIZQfgXJea34mQxlt81
13,2015,Love Me Like You Do,Ellie Goulding,3zHq9ouUJQFQRf3cm1rRLu
14,2015,Take Me To Church,Hozier,1CS7Sd1u5tWkstBhpssyjP
15,2015,Bad Blood,Taylor SwiftFeaturingKendrick Lamar,
16,2015,Lean On,Major LazerXDJ SnakeFeaturingMo,
17,2015,Want To Want Me,Jason Derulo,7oGZAicScQt96OAW4AruYy
18,2015,Shake It Off,Taylor Swift,5xTtaWoae3wi06K5WfVUUH
19,2015,Where Are U Now,Skrillex&DiploWithJustin Bieber,
20,2015,Fight Song,Rachel Platten,37f4ITSlgPX81ad2EvmVQr
21,2015,679,Fetty WapFeaturingRemy Boyz,
22,2015,Lips Are Movin,Meghan Trainor,6gj08XDlv9Duc2fPOxUmVD
23,2015,Worth It,Fifth HarmonyFeaturingKid Ink,
24,2015,Post To Be,OmarionFeaturingChris Brown&Jhene Aiko,
25,2015,"Honey, I'm Good.",Andy Grammer,4Tt6GiWS2V9sQjZjS2xjp2
26,2015,I'm Not The Only One,Sam Smith,7795WJLVKJoAyVoOtCWqXN
27,2015,Good For You,Selena GomezFeaturingA$AP Rocky,
28,2015,All About That Bass,Meghan Trainor,5jE48hhRu8E6zBDPRSkEq7
29,2015,Style,Taylor Swift,4lIxdJw6W3Fg4vUIYCB0S5
30,2015,Hotline Bling,Drake,0wwPcA6wtMf6HUMpIRdeP7
31,2015,Hey Mama,"David GuettaFeaturingNicki Minaj,Bebe Rexha&Afrojack",
32,2015,G.D.F.R.,Flo RidaFeaturingSage The Gemini&Lookas,
33,2015,What Do You Mean?,Justin Bieber,4B0JvthVoAAuygILe3n4Bs
34,2015,Photograph,Ed Sheeran,6fxVffaTuwjgEk5h9QyRjy
35,2015,Hello,Adele,62PaSfnXSMyLshYJrlTuL3
36,2015,Stitches,Shawn Mendes,5jsw9uXEGuKyJzs0boZ1bT
37,2015,Talking Body,Tove Lo,2tpfxAXiI52znho4WE3XFA
38,2015,Jealous,Nick Jonas,2RqtfcLB7iOZj0zYB8Auhu
39,2015,Time Of Our Lives,Pitbull&Ne-Yo,2bJvI42r8EF3wxjOuDav4r
40,2015,Locked Away,R. CityFeaturingAdam Levine,
41,2015,Somebody,Natalie La Rose FeaturingJeremih,
42,2015,FourFiveSeconds,Rihanna&Kanye West&Paul McCartney,78TTtXnFQPzwqlbtbwqN0y
43,2015,Centuries,Fall Out Boy,04aAxqtGp5pv12UXAg4pkq
44,2015,My Way,Fetty WapFeaturing Monty,
45,2015,Take Your Time,Sam Hunt,6DEaND0SHv3sC11xobZLiy
46,2015,Animals,Maroon 5,2bL2gyO6kBdLkNSkxXNh6x
47,2015,I Don't F**k With You,Big SeanFeaturingE-40,
48,2015,B**** Better Have My Money,Rihanna,0NTMtAO2BV4tnGvw9EgBVq
49,2015,Flex (Ooh Ooh Ooh),Rich Homie Quan,4T0ScSPdQKmGvruK7pavNP
50,2015,Nasty Freestyle,T-Wayne,0PT7nlpo11hYYyfnBgtilT
51,2015,Only,"Nicki MinajFeaturingDrake,Lil Wayne&Chris Brown",
52,2015,Elastic Heart,Sia,5S9lfZu1YF8xKkgSsqL2Bd
53,2015,Cool For The Summer,Demi Lovato,3uwnnTQcHM1rDqSfA4gQNz
54,2015,Renegades,X Ambassadors,0fYVliAYKHuPmECRs1pbRf
55,2015,I Don't Mind,UsherFeaturingJuicy J,
56,2015,Love Me Harder,Ariana Grande&The Weeknd,5J4ZkQpzMUFojo1CtAZYpn
57,2015,Wildest Dreams,Taylor Swift,59HjlYCeBsxdI0fcm3zglw
58,2015,Stay With Me,Sam Smith,5Nm9ERjJZ5oyfXZTECKmRt
59,2015,You Know You Like It,DJ Snake&AlunaGeorge,57kR5SniQIbsbVoIjjOUDa
60,2015,Uma Thurman,Fall Out Boy,5PUawWFG1oIS2NwEcyHaCr
61,2015,7/11,Beyonce,02M6vucOvmRfMxTXDUwRXu
62,2015,The Heart Wants What It Wants,Selena Gomez,6wJwkMo278iWVlWl1XQ4WA
63,2015,Girl Crush,Little Big Town,11qh54D0PKkBwelpDxxiEU
64,2015,Slow Motion,Trey Songz,4NYwy0R3NdvORX2B6OZXBT
65,2015,Drag Me Down,One Direction,2K87XMYnUMqLcX3zvtAF4G
66,2015,Truffle Butter,Nicki MinajFeaturingDrake&Lil Wayne,
67,2015,One Last Time,Ariana Grande,7xoUc6faLbCqZO6fQEYprd
68,2015,Chains,Nick Jonas,5Eg4TsPcqNbIjd8ADMZosg
69,2015,All Eyes On You,Meek MillFeaturingChris Brown&Nicki Minaj,
70,2015,No Type,Rae Sremmurd,4scpF6J5uMBvoh6sFB7EL1
71,2015,Riptide,Vance Joy,2uXlHCUbq9OMUwx3hrk06o
72,2015,Classic Man,JidennaFeaturingRoman Gianarthur,
73,2015,Ex's & Oh's,Elle King,70eDxAyAraNTiD6lx2ZEnH
74,2015,Dear Future Husband,Meghan Trainor,5MEYDJVJMaGAXfddTo0D6J
75,2015,Marvin Gaye,Charlie PuthFeaturingMeghan Trainor,
76,2015,Like I'm Gonna Lose You,Meghan TrainorFeaturingJohn Legend,
77,2015,Habits (Stay High),Tove Lo,14OxJlLdcHNpgsm4DRwDOB
78,2015,The Hanging Tree,James Newton HowardFeaturing Jennifer Lawrence,
79,2015,CoCo,O.T. Genasis,2JI71GHwq2LN8mtq3iCLYo
80,2015,Bang Bang,"Jessie J,Ariana Grande&Nicki Minaj",0puf9yIluy9W0vpMEUoAnN
81,2015,Lay Me Down,Sam Smith,74sb4Gib0cL3TQeCjYF8vh
82,2015,Tuesday,I Love MakonnenFeaturingDrake,
83,2015,Hit The Quan,iLoveMemphis,4OjuzM3rTWp3q60mEldNSF
84,2015,Downtown,"Macklemore & Ryan Lewis Featuring Eric Nally, Melle Mel,Kool Moe Dee&Grandmaster Caz",5pfJsMwoRYKampPay8amX0
85,2015,House Party,Sam Hunt,1TwLKNsCnhi1HxbIi4bAW0
86,2015,Ayo,Chris Brown&Tyga,0k6DnZMLoEUH8NGD5zh2SE
87,2015,Kick The Dust Up,Luke Bryan,5g15o2Sm55Hn9ShK5yEXgp
88,2015,Blessings,Big SeanFeaturingDrake,
89,2015,Budapest,George Ezra,2ixsaeFioXJmMgkkbd4uj1
90,2015,Chandelier,Sia,2s1sdSqGcKxpPr5lCl7jAV
91,2015,Heartbeat Song,Kelly Clarkson,7FC9Lng8iXU081lbigu8m8
92,2015,Don't,Ed Sheeran,6gTJaPuj8DT8RjuDJyBgzP
93,2015,Ghost,Ella Henderson,4z7gh3aIZV9arbL9jJSc5J
94,2015,Here,Alessia Cara,5zUQZjVB6bfewBXWqsP9PY
95,2015,Waves,Mr. Probz,1HFfMOxCAT4GAwaPfCdmUs
96,2015,El Perdon (Forgiveness),Nicky Jam&Enrique Iglesias,7hOfyNuj2dLc0HAEYVDIYS
97,2015,She Knows,Ne-YoFeaturingJuicy J,
98,2015,Night Changes,One Direction,5O2P9iiztwhomNh8xkR9lJ
99,2015,Back To Back,Drake,5lFDtgWsjRJu8fPOAyJIAK
100,2015,How Deep Is Your Love,Calvin Harris& Disciples,22mek4IiqubGD9ctzxc69s
1,2016,Love Yourself,Justin Bieber,50kpGaPAhYJ3sGmk6vplg0
2,2016,Sorry,Justin Bieber,09CtPGIpYB4BrO8qb1RGsF
3,2016,One Dance,DrakeFeaturingWizkid&Kyla,
4,2016,Work,RihannaFeaturingDrake,
5,2016,Stressed Out,Twenty One Pilots,3CRDbSIZ4r5MsZ0YwxuEkn
6,2016,Panda,Desiigner,5YEOzOojehCqxGQCcQiyR4
7,2016,Hello,Adele,62PaSfnXSMyLshYJrlTuL3
8,2016,Don't Let Me Down,The ChainsmokersFeaturingDaya,
9,2016,Can't Stop The Feeling!,Justin Timberlake,1WkMMavIMc4JZ8cfMmxHkI
10,2016,Closer,The ChainsmokersFeaturingHalsey,
11,2016,Cheap Thrills,SiaFeaturingSean Paul,
12,2016,7 Years,Lukas Graham,5kqIPrATaCc2LqxVWzQGbk
13,2016,Needed Me,Rihanna,4pAl7FkDMNBsjykPXo91B3
14,2016,My House,Flo Rida,6Knv6wdA0luoMUuuoYi2i1
15,2016,I Took A Pill In Ibiza,Mike Posner,0vbtURX4qv1l7besfwmnD8
16,2016,Work From Home,Fifth HarmonyFeaturingTy Dolla $ign,
17,2016,This Is What You Came For,Calvin HarrisFeaturingRihanna,
18,2016,Cake By The Ocean,DNCE,76hfruVvmfQbw0eYn1nmeC
19,2016,"Me, Myself & I",G-EazyxBebe Rexha,
20,2016,Ride,Twenty One Pilots,2Z8WuEywRWYTKe1NybPQEW
21,2016,Heathens,Twenty One Pilots,6i0V12jOa3mr6uu4WYhUBr
22,2016,Pillowtalk,ZAYN,0PDUDa38GO8lMxLCRc4lL1
23,2016,Stitches,Shawn Mendes,5jsw9uXEGuKyJzs0boZ1bT
24,2016,Hotline Bling,Drake,0wwPcA6wtMf6HUMpIRdeP7
25,2016,Cold Water,Major LazerFeaturingJustin Bieber&Mo,
26,2016,Send My Love (To Your New Lover),Adele,0t7fVeEJxO2Xi4H2K5Svc9
27,2016,Roses,The ChainsmokersFeaturingROZES,
28,2016,Treat You Better,Shawn Mendes,3QGsuHI8jO1Rx4JWLUh9jd
29,2016,Too Good,DrakeFeaturingRihanna,
30,2016,Low Life,FutureFeaturingThe Weeknd,
31,2016,What Do You Mean?,Justin Bieber,4B0JvthVoAAuygILe3n4Bs
32,2016,The Hills,The Weeknd,7fBv7CLKzipRk6EC6TWHOB
33,2016,Just Like Fire,P!nk,7K5dzhGda2vRTaAWYI3hrb
34,2016,Broccoli,D.R.A.M. FeaturingLil Yachty,
35,2016,Don't,Bryson Tiller,3pXF1nA74528Edde4of9CC
36,2016,Dangerous Woman,Ariana Grande,6RUhbFEhrvGISaQ8u2j2JN
37,2016,Jumpman,Drake&Future,27GmP9AWRs744SzKcpJsTZ
38,2016,I Hate U I Love U,GnashFeaturing Olivia O'Brien,
39,2016,Here,Alessia Cara,5zUQZjVB6bfewBXWqsP9PY
40,2016,Same Old Love,Selena Gomez,1BZG99C7Co1r6QUC3zaS59
41,2016,Controlla,Drake,3O8NlPh2LByMU9lSRSHedm
42,2016,Like I'm Gonna Lose You,Meghan TrainorFeaturingJohn Legend,
43,2016,One Call Away,Charlie Puth,5MwIGPDKeDb7SpblcaQP6O
44,2016,Let It Go,James Bay,2xsAm4w9P3kSF1DophKAiF
45,2016,No,Meghan Trainor,0l0CvurVUrr2w3Jj1hOVFc
46,2016,Never Forget You,Zara Larsson&MNEK,6hmhG1b4LEyNuashVvuIAo
47,2016,Let Me Love You,DJ SnakeFeaturingJustin Bieber,
48,2016,Don't Mind,Kent Jones,27PmvZoffODNFW2p7ehZTQ
49,2016,H.O.L.Y.,Florida Georgia Line,0BCy325UZyR9z0t0uxwn2N
50,2016,We Don't Talk Anymore,Charlie PuthFeaturingSelena Gomez,
51,2016,Into You,Ariana Grande,63y6xWR4gXz7bnUGOk8iI6
52,2016,Gold,Kiiara,7yNX3ZFBWZoR52pbeU4Mcl
53,2016,Exchange,Bryson Tiller,43PuMrRfbyyuz4QpZ3oAwN
54,2016,679,Fetty WapFeaturingRemy Boyz,
55,2016,Oui,Jeremih,0PJIbOdMs3bd5AT8liULMQ
56,2016,Hands To Myself,Selena Gomez,1LoriJC05IrHIDwj3q0KC1
57,2016,2 Phones,Kevin Gates,0wdKiSBUT7aZkXUIdJWcwC
58,2016,Starboy,The WeekndFeaturingDaft Punk,
59,2016,For Free,DJ KhaledFeaturingDrake,
60,2016,Never Be Like You,FlumeFeaturing Kai,
61,2016,In The Night,The Weeknd,25KybV9BOUlvcnv7nN3Pyo
62,2016,Me Too,Meghan Trainor,3KwwE4sgCzMaKWq6QBebmX
63,2016,Ex's & Oh's,Elle King,70eDxAyAraNTiD6lx2ZEnH
64,2016,Die A Happy Man,Thomas Rhett,5kNe7PE09d6Kvw5pAsx23n
65,2016,White Iverson,Post Malone,6eT7xZZlB2mwyzJ2sUKG6w
66,2016,Close,Nick JonasFeaturingTove Lo,
67,2016,Unsteady,X Ambassadors,7lGKEWMXVWWTt3X71Bv44I
68,2016,Sucker For Pain,"Lil Wayne,Wiz Khalifa&Imagine DragonsWithLogic&Ty Dolla $ignFeat.X Ambassadors",4dASQiO1Eoo3RJvt74FtXB
69,2016,Down In The DM,Yo GottiFeaturingNicki Minaj,
70,2016,Luv,Tory Lanez,16Ah4QqH4mgYVXqfC4mdSd
71,2016,Sorry,Beyonce,0lnIJmgcUpEpe4AZACjayW
72,2016,Can't Feel My Face,The Weeknd,22VdIZQfgXJea34mQxlt81
73,2016,Hymn For The Weekend,Coldplay,3RiPr603aXAoi4GHyXx0uy
74,2016,Say It,Tory Lanez,2Gyc6e2cLxA5hoX1NOvYnU
75,2016,Antidote,Travis Scott,1wHZx0LgzFHyeIZkUydNXq
76,2016,Lost Boy,Ruth B,0zMzyHAeMvwq5CRstru1Fp
77,2016,Side To Side,Ariana GrandeFeaturingNicki Minaj,
78,2016,"Sit Still, Look Pretty",Daya,6w2rrJsn8Qpa7veSaVAyKh
79,2016,Wildest Dreams,Taylor Swift,59HjlYCeBsxdI0fcm3zglw
80,2016,Middle,DJ SnakeFeaturingBipolar Sunshine,
81,2016,On My Mind,Ellie Goulding,5a7NdkF09AfD0H607eiOkX
82,2016,Pop Style,DrakeFeaturing The Throne,
83,2016,When We Were Young,Adele,7GgWAITsYJaRM3r50rfh5w
84,2016,Hide Away,Daya,3WALaE7UdNXx8VJ4lpWCK8
85,2016,Lean On,Major LazerXDJ SnakeFeaturingMo,
86,2016,I Know What You Did Last Summer,Shawn Mendes&Camila Cabello,2GyA33q5rti5IxkMQemRDH
88,2016,Watch Me,Silento,5RIVoVdkDLEygELLCniZFr
89,2016,Back To Sleep,Chris Brown,6dlpABcXrQKRU9G00i6Zba
90,2016,No Limit,UsherFeaturingYoung Thug,
91,2016,Cut It,O.T. GenasisFeaturingYoung Dolph,
92,2016,Really Really,Kevin Gates,10I3CmmwT0BkOVhduDy53o
93,2016,All In My Head (Flex),Fifth HarmonyFeaturingFetty Wap,
94,2016,Starving,Hailee Steinfeld&GreyFeaturingZedd,
95,2016,Adventure Of A Lifetime,Coldplay,69uxyAqqPIsUyTO8txoP2M
96,2016,Humble And Kind,Tim McGraw,4Pn0JlCUusD2QHjADuOzuV
97,2016,Wicked,Future,6BbINUfGabVyiNFJpQXn3x
98,2016,Tiimmy Turner,Desiigner,3NJG6vMH1ZsectZkocMEm0
99,2016,See You Again,Wiz KhalifaFeaturingCharlie Puth,
100,2016,Perfect,One Direction,3NLnwwAQbbFKcEcV8hDItk
1,2017,Shape Of You,Ed Sheeran,7qiZfU4dY1lWllzX7mPBI3
2,2017,Despacito,Luis Fonsi&Daddy YankeeFeaturingJustin Bieber,
3,2017,That's What I Like,Bruno Mars,0KKkJNfGyhkQ5aFogxQAPU
4,2017,Humble.,Kendrick Lamar,7KXjTSCq5nL1LoYtL7XAwS
5,2017,Something Just Like This,The Chainsmokers&Coldplay,6RUKPb4LETWmmr3iAEQktW
6,2017,Bad And Boujee,MigosFeaturingLil Uzi Vert,
7,2017,Closer,The ChainsmokersFeaturingHalsey,
8,2017,Body Like A Back Road,Sam Hunt,7FpBQ067pHB67deawpbbcY
9,2017,Believer,Imagine Dragons,0pqnGHJpmpxLKifKRmU6WP
10,2017,Congratulations,Post MaloneFeaturingQuavo,
11,2017,Say You Won't Let Go,James Arthur,5uCax9HTNlzGybIStD3vDh
12,2017,I'm The One,"DJ KhaledFeaturingJustin Bieber,Quavo,Chance the Rapper&Lil Wayne",
13,2017,XO TOUR Llif3,Lil Uzi Vert,7GX5flRQZVHRAGd6B4TmDO
14,2017,Mask Off,Future,0VgkVdmE4gld66l8iyGjgx
15,2017,Unforgettable,French MontanaFeaturingSwae Lee,
16,2017,24K Magic,Bruno Mars,6b8Be6ljOzmkOmFslEb23P
17,2017,Stay,Zedd&Alessia Cara,6uBhi9gBXWjanegOb2Phh0
18,2017,Wild Thoughts,DJ KhaledFeaturingRihanna&Bryson Tiller,
19,2017,Black Beatles,Rae SremmurdFeaturingGucci Mane,
20,2017,Starboy,The WeekndFeaturingDaft Punk,
21,2017,Location,Khalid,152lZdxL1OR0ZMW6KquMif
22,2017,Attention,Charlie Puth,5cF0dROlMOK5uNZtivgu50
23,2017,There's Nothing Holdin' Me Back,Shawn Mendes,7JJmb5XwzOO8jgpou264Ml
24,2017,Bodak Yellow (Money Moves),Cardi B,
25,2017,Redbone,Childish Gambino,3vQ4T78TTMOjQXGfXVKQJo
26,2017,I Don't Wanna Live Forever (Fifty Shades Darker),ZAYN/Taylor Swift,55n9yjI6qqXh5F2mYvUc2y
27,2017,It Ain't Me,KygoxSelena Gomez,
28,2017,iSpy,KyleFeaturingLil Yachty,
29,2017,Issues,Julia Michaels,7vu0JkJh0ldukEYbTVcqd0
30,2017,Scars To Your Beautiful,Alessia Cara,0wI7QkCcs8FUQE1OkXUIqd
31,2017,1-800-273-8255,LogicFeaturingAlessia Cara&Khalid,
32,2017,Slow Hands,Niall Horan,2cOUlop2ZakjOKe4WinesN
33,2017,Love On The Brain,Rihanna,5oO3drDxtziYU2H1X23ZIp
34,2017,I Feel It Coming,The WeekndFeaturingDaft Punk,
35,2017,Bounce Back,Big Sean,0SGkqnVQo9KPytSri1H6cF
36,2017,Strip That Down,Liam PayneFeaturingQuavo,
37,2017,Fake Love,Drake,343YBumqHu19cGoGARUTsd
38,2017,Don't Wanna Know,Maroon 5FeaturingKendrick Lamar,
39,2017,Look What You Made Me Do,Taylor Swift,1P17dC1amhFzptugyAO7Il
40,2017,Castle On The Hill,Ed Sheeran,6PCUP3dWmTjcTtXY02oFdT
41,2017,Bad Things,Machine Gun Kelly xCamila Cabello,
42,2017,Paris,The Chainsmokers,72jbDTw1piOOj770jWNeaG
43,2017,Side To Side,Ariana GrandeFeaturingNicki Minaj,
44,2017,Rockabye,Clean BanditFeaturingSean Paul&Anne-Marie,
45,2017,Feel It Still,Portugal. The Man,6QgjcU0zLnzq5OrUoSZ3OK
46,2017,Let Me Love You,DJ SnakeFeaturingJustin Bieber,
47,2017,Sorry Not Sorry,Demi Lovato,0yvPEnB032fojLfVluFjUv
48,2017,Bank Account,21 Savage,5eqK0tbzUPo2SoeZsov04s
49,2017,Can't Stop The Feeling!,Justin Timberlake,1WkMMavIMc4JZ8cfMmxHkI
50,2017,Mi Gente,J Balvin&Willy WilliamFeaturing Beyonce,
51,2017,Thunder,Imagine Dragons,1zB4vmk8tFRmM9UULNzbLB
52,2017,T-Shirt,Migos,1rkfJLgTlB6XYNjgZ0sVaK
53,2017,Rake It Up,Yo GottiFeaturingNicki Minaj,
54,2017,Mercy,Shawn Mendes,0AS63m1wHv9n4VVRizK6Hc
55,2017,Tunnel Vision,Kodak Black,4Q3N4Ct4zCuIHuZ65E3BD4
56,2017,Rockstar,Post MaloneFeaturing21 Savage,
57,2017,In Case You Didn't Know,Brett Young,10M2Ex445zw585Ducldzkw
58,2017,Heathens,Twenty One Pilots,6i0V12jOa3mr6uu4WYhUBr
59,2017,Now Or Never,Halsey,126oeltvIg79HHP4yAi4rq
60,2017,Caroline,Amine,5hTpBe8h35rJ67eAWHQsJx
61,2017,Rolex,Ayo & Teo,0pSBuHjILhNEo55xK1zrRt
62,2017,DNA.,Kendrick Lamar,6HZILIRieu8S0iqY8kIKhj
63,2017,Juju On That Beat (TZ Anthem),Zay Hilfigerrr & Zayion McCall,1lItf5ZXJc1by9SbPeljFd
64,2017,Swang,Rae Sremmurd,6mapJIPnQ23RTAevUoE0DL
65,2017,Passionfruit,Drake,5mCPDVBb16L4XQwDdbRUpz
66,2017,Loyalty.,Kendrick LamarFeaturingRihanna,
67,2017,Praying,Kesha,0jdny0dhgjUwoIp5GkqEaA
68,2017,Goosebumps,Travis Scott,6gBFPUFcJLzWGx4lenP6h2
69,2017,Cold,Maroon 5FeaturingFuture,
70,2017,Broccoli,D.R.A.M. FeaturingLil Yachty,
71,2017,Slide,Calvin HarrisFeaturingFrank Ocean&Migos,
72,2017,What Ifs,Kane BrownFeaturingLauren Alaina,
73,2017,Chained To The Rhythm,Katy PerryFeaturingSkip Marley,
74,2017,Feels,"Calvin HarrisFeaturingPharrell Williams,Katy Perry&Big Sean",
75,2017,All Time Low,Jon Bellion,0SuLAslEMFZAXf0SwY7syi
76,2017,Hurricane,Luke Combs,6xHI9KjUjYT0FPtGO8Mxa1
77,2017,Too Good At Goodbyes,Sam Smith,1mXVgsBdtIVeCLJnSnmtdV
78,2017,Young Dumb & Broke,Khalid,5Z3GHaZ6ec9bsiI5BenrbY
79,2017,Magnolia,Playboi Carti,1e1JKLEDKP7hEQzJfNAgPl
80,2017,Love Galore,SZAFeaturingTravis Scott,
81,2017,Drowning,A Boogie wit da HoodieFeaturingKodak Black,
82,2017,Starving,Hailee Steinfeld&GreyFeaturingZedd,
83,2017,Both,Gucci ManeFeaturingDrake,
84,2017,What About Us,P!nk,0Qh38w01QRXK6KHIv0e3hb
85,2017,Swalla,Jason DeruloFeaturingNicki Minaj&Ty Dolla $ign,
86,2017,Slippery,MigosFeaturingGucci Mane,
87,2017,Sign Of The Times,Harry Styles,5Ohxk2dO5COHF1krpoPigN
88,2017,Water Under The Bridge,Adele,4jL6WWKFDqCOPo2hC3VhSS
89,2017,Malibu,Miley Cyrus,1UZOjK1BwmwWU14Erba9CZ
90,2017,Down,Marian Hill,5eCkuGPZNl4mISFNPgr3Dd
91,2017,No Promises,Cheat CodesFeaturingDemi Lovato,
92,2017,Treat You Better,Shawn Mendes,3QGsuHI8jO1Rx4JWLUh9jd
93,2017,I Get The Bag,Gucci ManeFeaturingMigos,
94,2017,Small Town Boy,Dustin Lynch,7mS200vKsSSVgrbMxWza54
95,2017,Everyday We Lit,Yfn LucciFeaturingPnB Rock,
96,2017,Havana,Camila CabelloFeaturingYoung Thug,
97,2017,What Lovers Do,Maroon 5FeaturingSZA,
98,2017,Do Re Mi,Blackbear,6Se3x9ANMLv0dCDsjGmEjh
99,2017,Look At Me!,XXXTENTACION,7floNISpH8VF4z4459Qo18
100,2017,The Fighter,Keith UrbanFeaturingCarrie Underwood,
1,2018,God's Plan,Drake,6DCZcSspjsKoFjzjrWoCdn
2,2018,Perfect,Ed Sheeran,0tgVpDi06FyKpA1z0VMD4v
3,2018,Meant To Be,Bebe Rexha&Florida Georgia Line,7iDa6hUg2VgEL1o1HjmfBn
4,2018,Havana,Camila CabelloFeaturingYoung Thug,
5,2018,Rockstar,Post MaloneFeaturing21 Savage,
6,2018,Psycho,Post MaloneFeaturingTy Dolla $ign,
7,2018,I Like It,"Cardi B,Bad Bunny&J Balvin",58q2HKrzhC3ozto2nDdN4z
8,2018,The Middle,"Zedd,Maren Morris&Grey",09IStsImFySgyp0pIQdqAc
9,2018,In My Feelings,Drake,2G7V7zsVDxg1yRsu7Ew9RJ
10,2018,Girls Like You,Maroon 5FeaturingCardi B,
11,2018,Nice For What,Drake,3CA9pLiwRIGtUBiMjbZmRw
12,2018,Lucid Dreams,Juice WRLD,285pBltuF7vW8TeWk8hdRR
13,2018,Better Now,Post Malone,7dt6x5M1jzdTEt8oCbisTK
14,2018,Finesse,Bruno Mars&Cardi B,3Vo4wInECJQuz9BIBMOu8i
15,2018,Boo'd Up,Ella Mai,0At2qAoaVjIwWNAqrscXli
16,2018,New Rules,Dua Lipa,2ekn2ttSfGqwhhate0LSR0
17,2018,Sad!,XXXTENTACION,3ee8Jmje8o58CHK66QrVC2
18,2018,Never Be The Same,Camila Cabello,4eWQlBRaTjPPUlzacqEeoQ
19,2018,Love Lies,Khalid&Normani,45Egmo7icyopuzJN0oMEdk
20,2018,No Tears Left To Cry,Ariana Grande,2qT1uLXPVPzGgFOx4jtEuo
21,2018,Mine,Bazzi,7uzmGiiJyRfuViKKK3lVmR
22,2018,Thunder,Imagine Dragons,1zB4vmk8tFRmM9UULNzbLB
23,2018,Look Alive,BlocBoy JB FeaturingDrake,
24,2018,Delicate,Taylor Swift,6NFyWDv5CjfwuzoCkw47Xf
25,2018,Yes Indeed,Lil Baby&Drake,6vN77lE9LK6HP2DewaN6HZ
26,2018,Friends,Marshmello&Anne-Marie,1wIyr1y5wiWqo7nqbxHpWt
27,2018,Bad At Love,Halsey,3OzCF9i6Ey7EkkAYJztmKp
28,2018,Taste,TygaFeaturingOffset,
29,2018,Let You Down,NF,52okn5MNA47tk87PeZJLEL
30,2018,No Limit,G-EazyFeaturingA$AP Rocky&Cardi B,
31,2018,FEFE,6ix9ineFeaturingNicki Minaj& Murda Beatz,
32,2018,Tequila,Dan + Shay,42fw0rxRO2xbesF6mJfd4Y
33,2018,Feel It Still,Portugal. The Man,6QgjcU0zLnzq5OrUoSZ3OK
34,2018,MotorSport,"Migos,Nicki Minaj&Cardi B",4wFjTWCunQFKtukqrNijEt
35,2018,I Like Me Better,Lauv,4MagTPnkPiDuIa4P8GtW1b
36,2018,Youngblood,5 Seconds of Summer,2iUXsYOEPhVqEBwsqP70rE
37,2018,Whatever It Takes,Imagine Dragons,6Qn5zhYkTa37e91HC1D7lb
38,2018,Ric Flair Drip,Offset&Metro Boomin,7sO5G9EABYOXQKNPNiE9NR
39,2018,I Fall Apart,Post Malone,75ZvA4QfFiZvzhj2xkaWAh
40,2018,Pray For Me,The Weeknd&Kendrick Lamar,6huNf4dutXRjJyGn7f5BPS
41,2018,Back To You,Selena Gomez,4hQ6UGyWQIGJmHSo0J88JW
42,2018,Sicko Mode,Travis Scott,2xLMifQCjDGFmkHkpNLD9h
43,2018,Walk It Talk It,MigosFeaturingDrake,
44,2018,Gucci Gang,Lil Pump,43ZyHQITOjhciSUUNPVRHc
45,2018,Him & I,G-Eazy&Halsey,5k38wzpLb15YgncyWdTZE4
46,2018,In My Blood,Shawn Mendes,2QZ7WLBE8h2y1Y5Fb8RYbH
47,2018,All The Stars,Kendrick Lamar&SZA,3GCdLUSnKSMJhs4Tj6CV3s
48,2018,Stir Fry,Migos,2UVbBKQOdFAekPTRsnkzcf
49,2018,Too Good At Goodbyes,Sam Smith,1mXVgsBdtIVeCLJnSnmtdV
50,2018,Love.,Kendrick LamarFeaturing Zacari,
51,2018,This Is America,Childish Gambino,0b9oOr2ZgvyQu88wzixux9
52,2018,Nonstop,Drake,0TlLq3lA83rQOYtrqBqSct
53,2018,Heaven,Kane Brown,1HXy5I3HTWq8OvxCn0z7G7
54,2018,Bodak Yellow (Money Moves),Cardi B,
55,2018,Freaky Friday,Lil DickyFeaturingChris Brown,
56,2018,Gummo,6ix9ine,2HBtd9MYDd2xDVu8Zc6pwt
57,2018,Plug Walk,Rich The Kid,1ZAyjvIk9YiD76yYy0TEG6
58,2018,Wait,Maroon 5,6AvfZXpbb6r35DfF7gHPRq
59,2018,Be Careful,Cardi B,2Yl4OmDby9iitgNWZPwxkd
60,2018,Wolves,Selena GomezXMarshmello,
61,2018,Bartier Cardi,Cardi BFeaturing21 Savage,
62,2018,God Is A Woman,Ariana Grande,5OCJzvD7sykQEKHH7qAC3C
63,2018,Big Bank,"YGFeaturing2 Chainz,Big Sean&Nicki Minaj",
64,2018,Sorry Not Sorry,Demi Lovato,0yvPEnB032fojLfVluFjUv
65,2018,How Long,Charlie Puth,6wmAHw1szh5RCKSRjiXhPe
66,2018,Lights Down Low,MAX FeaturingGnash,
67,2018,Young Dumb & Broke,Khalid,5Z3GHaZ6ec9bsiI5BenrbY
68,2018,One Kiss,Calvin Harris&Dua Lipa,7ef4DlsgrMEH11cDZd32M6
69,2018,Natural,Imagine Dragons,2FY7b99s15jUprqC0M5NCT
70,2018,You Make It Easy,Jason Aldean,2TXtN9MoV308Y0z1HvyTfV
71,2018,Shape Of You,Ed Sheeran,7qiZfU4dY1lWllzX7mPBI3
72,2018,I Get The Bag,Gucci ManeFeaturingMigos,
73,2018,No Brainer,"DJ KhaledFeaturingJustin Bieber,Chance the Rapper&Quavo",
74,2018,Plain Jane,A$AP FergFeaturingNicki Minaj,
75,2018,Sky Walker,MiguelFeaturingTravis Scott,
76,2018,Marry Me,Thomas Rhett,0OWZFobGSIW9GrSlQ9C5pc
77,2018,Eastside,"Benny Blanco,Halsey&Khalid",7FGq80cy8juXBCD2nrqdWU
78,2018,Call Out My Name,The Weeknd,09mEdoA6zrmBPgTEN5qXmN
79,2018,King's Dead,"Jay Rock,Kendrick Lamar,Future&James Blake",51rXHuKN8Loc4sUlKPODgH
80,2018,Happier,Marshmello&Bastille,7BqHUALzNBTanL6OvsqmC1
81,2018,Te Bote,"Casper Magico,Nio Garcia,Darell,Nicky Jam,Ozuna&Bad Bunny",3V8UKqhEK5zBkBb6d6ub8i
82,2018,Simple,Florida Georgia Line,4L9Ds4mpD3SuYoWwFUlv16
83,2018,Lemon,N*E*R*D &Rihanna,4PpuH4mxL0rD35mOWaLoKS
84,2018,1-800-273-8255,LogicFeaturingAlessia Cara&Khalid,
85,2018,Say Something,Justin TimberlakeFeaturingChris Stapleton,
86,2018,I'm Upset,Drake,3qN5qMTKyEEmiTZD38BNTT
87,2018,Get Along,Kenny Chesney,6n6OQfBpCgzF9oEg8zhBN7
88,2018,Moonlight,XXXTENTACION,0JP9xo3adEtGSdUEISiszL
89,2018,What Lovers Do,Maroon 5FeaturingSZA,
90,2018,X,Nicky JamxJ Balvin,
91,2018,Outside Today,YoungBoy Never Broke Again,5PIfH6BzcmH04RDmtzF0BN
92,2018,Trip,Ella Mai,6CTWathupIiDs7U4InHnDA
93,2018,Dura,Daddy Yankee,6KuqAtoeVzxAYOaMveLNpH
94,2018,Changes,XXXTENTACION,7AFASza1mXqntmGtbxXprO
95,2018,Mercy,Brett Young,2VIPU72L6tIR4w8J8ap6Kp
96,2018,One Number Away,Luke Combs,4gB7HrYHbJVJ5RFOjxmoq4
97,2018,Powerglide,Rae Sremmurd&Juicy J,1BuZAIO8WZpavWVbbq3Lci
98,2018,IDGAF,Dua Lipa,76cy1WJvNGJTj78UqeA5zr
99,2018,Mi Gente,J Balvin&Willy WilliamFeaturing Beyonce,
100,2018,Believer,Imagine Dragons,0pqnGHJpmpxLKifKRmU6WP
1,2019,Old Town Road,Lil Nas XFeaturingBilly Ray Cyrus,
2,2019,Sunflower (Spider-Man: Into The Spider-Verse),Post Malone&Swae Lee,0RiRZpuVRbi7oqRdSMwhQY
3,2019,Without Me,Halsey,6FZDfxM3a3UCqtzo5pxSLZ
4,2019,Bad Guy,Billie Eilish,2Fxmhks0bxGSBdJ92vM42m
5,2019,Wow.,Post Malone,7xQAfvXzm3AkraOtGPWIZg
6,2019,Happier,Marshmello&Bastille,7BqHUALzNBTanL6OvsqmC1
7,2019,7 Rings,Ariana Grande,6ocbgoVGwYJhOv1GgI9NsF
8,2019,Talk,Khalid,6TqXcAFInzjp0bODyvrWEq
9,2019,Sicko Mode,Travis Scott,2xLMifQCjDGFmkHkpNLD9h
10,2019,Sucker,Jonas Brothers,22vgEDb5hykfaTwLuskFGD
11,2019,High Hopes,Panic! At The Disco,1rqqCSm0Qe4I9rUvWncaom
12,2019,"Thank U, Next",Ariana Grande,3e9HZxeyfWwjeyPAMmWSSQ
13,2019,Truth Hurts,Lizzo,3HWzoMvoF3TQfYg4UPszDq
14,2019,Dancing With A Stranger,Sam Smith&Normani,3xgT3xIlFGqZjYW9QlhJWp
15,2019,Senorita,Shawn Mendes&Camila Cabello,6v3KW9xbzN5yKLt9YKDYA2
16,2019,I Don't Care,Ed Sheeran&Justin Bieber,6hvRoJ0BTZywxu8UCPBkzx
17,2019,Eastside,"Benny Blanco,Halsey&Khalid",7FGq80cy8juXBCD2nrqdWU
18,2019,Going Bad,Meek MillFeaturingDrake,
19,2019,Shallow,Lady Gaga&Bradley Cooper,2VxeLyX666F8uXCJ0dZF8B
20,2019,Better,Khalid,2OpBganfGk2GVdSlRdxzaX
21,2019,No Guidance,Chris BrownFeaturingDrake,
22,2019,Girls Like You,Maroon 5FeaturingCardi B,
23,2019,Sweet But Psycho,Ava Max,7DnAm9FOTWE3cUvso43HhI
24,2019,Suge,DaBaby,2gwkD6igEhQbDQegRCcdoB
25,2019,Middle Child,J. Cole,2JvzF1RMd7lE3KmFlsyZD8
26,2019,Drip Too Hard,Lil Baby&Gunna,78QR3Wp35dqAhFEc2qAGjE
27,2019,Someone You Loved,Lewis Capaldi,7qEHsqek33rTcFNT9PFqLf
28,2019,Ran$om,Lil Tecca,
29,2019,If I Can't Have You,Shawn Mendes,2bT1PH7Cw3J9p3t7nlXCdh
30,2019,Goodbyes,Post MaloneFeaturingYoung Thug,
31,2019,ZEZE,Kodak BlackFeaturingTravis Scott&Offset,
32,2019,Better Now,Post Malone,7dt6x5M1jzdTEt8oCbisTK
33,2019,Youngblood,5 Seconds of Summer,2iUXsYOEPhVqEBwsqP70rE
34,2019,Money In The Grave,DrakeFeaturingRick Ross,
35,2019,Speechless,Dan + Shay,3GJ4hzg4lrGwU51Y3VARbF
36,2019,"Break Up With Your Girlfriend, I'm Bored",Ariana Grande,4kV4N9D1iKVxx1KLvtTpjS
37,2019,Please Me,Cardi B&Bruno Mars,0PG9fbaaHFHfre2gUVo7AN
38,2019,Money,Cardi B,2GGMabyHXnJmjY6CXhhB2e
39,2019,You Need To Calm Down,Taylor Swift,6RRNNciQGZEXnqk8SQ9yv5
40,2019,Panini,Lil Nas X,6fTt0CH2t0mdeB2N9XFG5r
41,2019,Look Back At It,A Boogie wit da Hoodie,3Ol2xnObFdKV9pmRD2t9x8
42,2019,A Lot,21 Savage,2t8yVaLvJ0RenpXUIAC52d
43,2019,ME!,Taylor SwiftFeaturingBrendon Urie,
44,2019,MIA,Bad BunnyFeaturingDrake,
45,2019,Pop Out,Polo GFeaturingLil Tjay,
46,2019,Beautiful Crazy,Luke Combs,2rxQMGVafnNaRaXlRMWPde
47,2019,Thotiana,Blueface,1rBjexQsgqXpsS2BrCxaDX
48,2019,Lucid Dreams,Juice WRLD,285pBltuF7vW8TeWk8hdRR
49,2019,Mo Bamba,Sheck Wes,1xzBco0xcoJEDXktl7Jxrr
50,2019,Beautiful People,Ed SheeranFeaturingKhalid,
51,2019,Wake Up In The Sky,Gucci ManeXBruno MarsXKodak Black,
52,2019,Whiskey Glasses,Morgan Wallen,57TEkZN3f84tFJFHFrD4pO
53,2019,God's Country,Blake Shelton,4TCeFZNjGNQIpCuZmJkkE2
54,2019,Be Alright,Dean Lewis,5qrSlOut2rNAWv3ubArkNy
55,2019,Pure Water,Mustard&Migos,3j84U36KvLeXNDPv4t5pI8
56,2019,The Git Up,Blanco Brown,01tA4XmJ4fGQNwti6b2hPm
57,2019,Taki Taki,"DJ SnakeFeaturingSelena Gomez,Ozuna&Cardi B",
58,2019,Close To Me,Ellie GouldingXDiploFeaturingSwae Lee,
59,2019,Envy Me,Calboy,7rvyVWja33WG9R97oeJAjx
60,2019,You Say,Lauren Daigle,6Up545NUflOiXo8cEraH49
61,2019,"Hey Look Ma, I Made It",Panic! At The Disco,22oEJW6r2rMb9z4IntfyEa
62,2019,Circles,Post Malone,21jGcNKet2qwijlDFuPiPb
63,2019,Beer Never Broke My Heart,Luke Combs,7aEtlGHoiPAfRB084NiDmx
64,2019,The London,"Young Thug,J. Cole&Travis Scott",3s4mrPrEFFPF0LmAfutW0n
65,2019,Con Calma,Daddy Yankee&Katy PerryFeaturingSnow,
66,2019,Murder On My Mind,YNW Melly,7eBqSVxrzQZtK2mmgRG6lC
67,2019,When The Party's Over,Billie Eilish,43zdsphuZLzwA9k4DJhU0I
68,2019,Act Up,City Girls,3A2yGHWIzmGEIolwonU69h
69,2019,I Like It,"Cardi B,Bad Bunny&J Balvin",58q2HKrzhC3ozto2nDdN4z
70,2019,Trampoline,SHAED,6AFAey1TrtgGNkgCMTEVCq
71,2019,Leave Me Alone,Flipp Dinero,6V7g6qM8wheMivMWrzbPTM
72,2019,Breathin,Ariana Grande,4OafepJy2teCjYJbvFE60J
73,2019,Bury A Friend,Billie Eilish,4SSnFejRGlZikf02HLewEF
74,2019,Close Friends,Lil Baby,5nzhL67GpF9szXWg5y509A
75,2019,Baby Shark,Pinkfong,5ygDXis42ncn6kYG14lEVG
76,2019,My Type,Saweetie,5KBARWIxeMGkvUax9VtVC9
77,2019,Worth It,YK Osiris,0PQoUlzP7ILdcrzpajHXc0
78,2019,Only Human,Jonas Brothers,0DiDStADDVh3SvAsoJAFMk
79,2019,Knockin' Boots,Luke Bryan,2opQESZb7JsRKCvWMBPeuv
80,2019,Trip,Ella Mai,6CTWathupIiDs7U4InHnDA
81,2019,Rumor,Lee Brice,56eGOeSsqdg3FLxdo83TwV
82,2019,Swervin,A Boogie wit da HoodieFeaturing6ix9ine,
83,2019,How Do You Sleep?,Sam Smith,34pRqzRiFcIuyRMuuEayzY
84,2019,Baby,Lil Baby&DaBaby,5MPPttjfGap2C6j6eKcO6J
85,2019,Look What God Gave Her,Thomas Rhett,2KqJC0koTBUyDlsMt5ok1V
86,2019,Good As You,Kane Brown,19kUPdKTp85q9RZNwaXM15
87,2019,Clout,OffsetFeaturingCardi B,
88,2019,Love Lies,Khalid&Normani,45Egmo7icyopuzJN0oMEdk
89,2019,One Thing Right,Marshmello&Kane Brown,7gZXCjAy6nxKCQWLEeX4LZ
90,2019,Cash Shit,Megan Thee StallionFeaturingDaBaby,
91,2019,Tequila,Dan + Shay,42fw0rxRO2xbesF6mJfd4Y
92,2019,Shotta Flow,NLE Choppa,5OFlp1fOrfiSXOjw4wuSgy
93,2019,Hot Girl Summer,"Megan Thee Stallion,Nicki Minaj&Ty Dolla $ign",5N1o6d8zGcSZSeMFkOUQOk
94,2019,Talk You Out Of It,Florida Georgia Line,4qQwGRtGT7l6ckQtdPEFd4
95,2019,Beautiful,Bazzi FeaturingCamila Cabello,
96,2019,Eyes On You,Chase Rice,4w95iGC6NrxZJ5o3D7bWyV
97,2019,All To Myself,Dan + Shay,08tq1XcHwVt5PHXUo87i0D
98,2019,Boyfriend,Ariana Grande& Social House,0Ryd8975WihbObpp5cPW1t
99,2019,Walk Me Home,P!nk,7DHApOHsIFo7EyfieArYGE
100,2019,Robbery,Juice WRLD,6iaSML1PIYq936g62BDtBq
1,2020,Blinding Lights,The Weeknd,0VjIjW4GlUZAMYd2vXMi3b
2,2020,Circles,Post Malone,21jGcNKet2qwijlDFuPiPb
3,2020,The Box,Roddy Ricch,0nbXyq5TXYPCO7pr3N8S4I
4,2020,Don't Start Now,Dua Lipa,3PfIrDoz19wz7qK7tYeu62
5,2020,Rockstar,DaBabyFeaturingRoddy Ricch,
6,2020,Adore You,Harry Styles,3jjujdWJ72nww5eGnfs2E7
7,2020,Life Is Good,FutureFeaturingDrake,
8,2020,Memories,Maroon 5,4cktbXiXOapiLBMprHFErI
9,2020,The Bones,Maren Morris,7yFhA2fUsL2oIMWlw5DaHQ
10,2020,Someone You Loved,Lewis Capaldi,7qEHsqek33rTcFNT9PFqLf
11,2020,Say So,Doja Cat,3Dv1eDb0MEgF93GpLXlucZ
12,2020,I Hope,Gabby BarrettFeaturing Charlie Puth,
13,2020,Whats Poppin,"Jack HarlowFeaturingDaBaby,Tory Lanez&Lil Wayne",
14,2020,Dance Monkey,Tones And I,2XU0oxnq2qxCpomAAuJY8K
15,2020,Savage,Megan Thee StallionFeaturing Beyonce,
16,2020,Roxanne,Arizona Zervas,696DnlkuDOXcMAnKlTgXXK
17,2020,Intentions,Justin BieberFeaturingQuavo,
18,2020,Everything I Wanted,Billie Eilish,3ZCTVFBt2Brf31RLEnCkWJ
19,2020,Roses,Saint Jhn,72GVdRHK49beKrC1NqRCqj
20,2020,Watermelon Sugar,Harry Styles,6UelLqGlWMcVH1E5c4H7lY
21,2020,Before You Go,Lewis Capaldi,2gMXnyrvIjhVBUZwvLZDMP
22,2020,Falling,Trevor Daniel,0Aqi7ArnBrGblW5T6p2jmD
23,2020,"10,000 Hours",Dan + Shay&Justin Bieber,2wrJq5XKLnmhRXHIAf9xBa
24,2020,WAP,Cardi BFeaturingMegan Thee Stallion,
25,2020,Ballin',Mustard&Roddy Ricch,3QzAOrNlsabgbMwlZt7TAY
26,2020,Hot Girl Bummer,Blackbear,6jRq8gaZhMUyy5RclRPcAf
27,2020,Blueberry Faygo,Lil Mosey,22LAwLoDA5b4AaGSkg6bKW
28,2020,Heartless,The Weeknd,6bnF93Rx87YqUBLSgjiMU8
29,2020,BOP,DaBaby,6Ozh9Ok6h4Oi1wUSLtBseN
30,2020,Lose You To Love Me,Selena Gomez,4l0Mvzj72xxOpRrp6h8nHi
31,2020,Good As Hell,Lizzo,6KgBpzTuTRPebChN0VTyzV
32,2020,Toosie Slide,Drake,466cKvZn1j45IpxDdYZqdA
33,2020,Break My Heart,Dua Lipa,017PF4Q3l4DBUiWoXk4OWT
34,2020,Chasin' You,Morgan Wallen,0WiyWiJDkNCyGNqkv7NByy
35,2020,Savage Love (Laxed - Siren Beat),Jawsh 685 xJason Derulo,
36,2020,No Guidance,Chris BrownFeaturingDrake,
37,2020,My Oh My,Camila CabelloFeaturingDaBaby,
38,2020,Dynamite,BTS,5QDLhrAOJJdNAmCTJ8xMyW
39,2020,Go Crazy,Chris Brown&Young Thug,1IIKrJVP1C9N7iPtG6eOsK
40,2020,High Fashion,Roddy RicchFeaturingMustard,
41,2020,Laugh Now Cry Later,DrakeFeaturingLil Durk,
42,2020,Woah,Lil Baby,02RCbjb9czvQKNGBmEmWob
43,2020,Death Bed,Powfu Featuringbeabadoobee,
44,2020,Senorita,Shawn Mendes&Camila Cabello,6v3KW9xbzN5yKLt9YKDYA2
45,2020,HIGHEST IN THE ROOM,Travis Scott,3eekarcy7kvN4yt5ZFzltW
46,2020,Bad Guy,Billie Eilish,2Fxmhks0bxGSBdJ92vM42m
47,2020,Mood,24kGoldnFeaturingiann dior,
48,2020,Rain On Me,Lady Gaga&Ariana Grande,7ju97lgwC2rKQ6wwsf9no9
49,2020,For The Night,Pop SmokeFeaturingLil Baby&DaBaby,
50,2020,RITMO (Bad Boys For Life),Black Eyed Peas XJ Balvin,
51,2020,Heart On Ice,Rod Wave,591ks2A0o7ratTpiRdI7M6
52,2020,Nobody But You,Blake SheltonDuet WithGwen Stefani,
53,2020,Trampoline,SHAED,6AFAey1TrtgGNkgCMTEVCq
54,2020,Come & Go,Juice WRLDxMarshmello,
55,2020,Truth Hurts,Lizzo,3HWzoMvoF3TQfYg4UPszDq
56,2020,If The World Was Ending,JP SaxeFeaturingJulia Michaels,
57,2020,We Paid,Lil Baby&42 Dugg,6gxKUmycQX7uyMwJcweFjp
58,2020,Yummy,Justin Bieber,16wAOAZ2OkqoIDN7TpChjR
59,2020,One Man Band,Old Dominion,7cA3PnUQDlUyBBwpRozQeo
60,2020,Got What I Got,Jason Aldean,4TCc369aRPRubv1m8R1TBG
61,2020,Sunday Best,Surfaces,1qYKWcEOrh2tM8PlgIm8K1
62,2020,Godzilla,EminemFeaturingJuice WRLD,
63,2020,Bandit,Juice WRLD&YoungBoy Never Broke Again,1oWM79mUVdZGCGYjSirHZR
64,2020,Party Girl,StaySolidRocky,5RqR4ZCCKJDcBLIn4sih9l
65,2020,Die From A Broken Heart,Maddie & Tae,3DA4SE262k6rdEtlHteNyq
66,2020,Popstar,DJ KhaledFeaturingDrake,
67,2020,All I Want For Christmas Is You,Mariah Carey,0bYg9bo50gSsH3LtXe2SQn
68,2020,One Of Them Girls,Lee Brice,6uyiyatWPCqC59Mm4rO8xL
69,2020,Hard To Forget,Sam Hunt,10xuH52YSXHWFwCaF1fsDd
70,2020,One Margarita,Luke Bryan,1Y3TlYJNhIa7k4YAvFkJAB
71,2020,Panini,Lil Nas X,6fTt0CH2t0mdeB2N9XFG5r
72,2020,Hot,Young ThugFeaturingGunna,
73,2020,I Hope You're Happy Now,Carly Pearce&Lee Brice,0Al3wN3keprGTSgG8NBwjr
74,2020,Emotionally Scarred,Lil Baby,7ge7BHazYbVKi8qyZUX1Bm
75,2020,Suicidal,YNW Melly&Juice WRLD,4S2uhQE8L9V6p7rj7SiauJ
76,2020,The Bigger Picture,Lil Baby,3HNWVQHXpW70ubsDhvnegu
77,2020,Only Human,Jonas Brothers,0DiDStADDVh3SvAsoJAFMk
78,2020,The Woo,Pop SmokeFeaturing50 Cent&Roddy Ricch,
79,2020,Sum 2 Prove,Lil Baby,5f4Hy5mw5SRaUgXX9c6P5S
80,2020,Stuck With U,Ariana Grande&Justin Bieber,4HBZA5flZLE435QTztThqH
81,2020,Mood Swings,Pop SmokeFeaturingLil Tjay,
82,2020,You Should Be Sad,Halsey,7lidXGPXPYLNThITAOTlkK
83,2020,Dior,Pop Smoke,79s5XnCN4TJKTVMSmOx8Ep
84,2020,Supalonely,BENEE FeaturingGus Dapperton,
85,2020,Even Though I'm Leaving,Luke Combs,5Fhe63YOMZsGdB3CgCDuBi
86,2020,The Scotts,"THE SCOTTS,Travis Scott&Kid Cudi",
87,2020,Juicy,Doja Cat&Tyga,7f5trao56t7sB7f14QDTmp
88,2020,Be Like That,Kane BrownWithSwae Lee&Khalid,
89,2020,Homesick,Kane Brown,30RZAuEkYeDXvy46Iv6l7E
90,2020,Rags2Riches,Rod WaveFeaturing ATR Son Son,
91,2020,Bluebird,Miranda Lambert,0kPeZAyIhIfeZNrtfjJGDB
92,2020,Wishing Well,Juice WRLD,2U5WueTLIK5WJLD7mvDODv
93,2020,Does To Me,Luke CombsFeaturingEric Church,
94,2020,P*$$y Fairy (OTW),Jhene Aiko,48KXAIruJ07kJVCWOGohMV
95,2020,ily,Surf Mesa Featuring Emilee,62aP9fBQKYKxi7PDXwcUAS
96,2020,More Than My Hometown,Morgan Wallen,0IRZwSCWFdT5D8hNCXHzZX
97,2020,Lovin' On You,Luke Combs,0nYvjcSlCgjcwogQAwIwNp
98,2020,Said Sum,Moneybagg Yo,3sKz6Sd72K0ofPWcJPPk6H
99,2020,Slide,H.E.R. FeaturingYG,
100,2020,Walk Em Down,NLE Choppa FeaturingRoddy Ricch,
1,2021,Levitating,Dua Lipa,5nujrmhLynf4yMoMtj8AQF
2,2021,Save Your Tears,The Weeknd& Ariana Grande,1oFAF1hdPOickyHgbuRjyX
3,2021,Blinding Lights,The Weeknd,0VjIjW4GlUZAMYd2vXMi3b
4,2021,Mood,24kGoldnFeaturingiann dior,
5,2021,Good 4 U,Olivia Rodrigo,4ZtFanR9U6ndgddUvNcjcG
6,2021,Kiss Me More,Doja CatFeaturingSZA,
7,2021,Leave The Door Open,Silk Sonic(Bruno Mars&Anderson .Paak),02VBYrHfVwfEWXk5DXyf0T
8,2021,Drivers License,Olivia Rodrigo,5wANPM4fQCJwkGd4rN57mH
9,2021,Montero (Call Me By Your Name),Lil Nas X,1SC5rEoYDGUK4NfG82494W
10,2021,Peaches,Justin BieberFeaturingDaniel Caesar& Giveon,
11,2021,Butter,BTS,6jjYDGxVJsWS0a5wlVF5vS
12,2021,Stay,The Kid LAROI &Justin Bieber,567e29TDzLwZwfDuEpGTwo
13,2021,Deja Vu,Olivia Rodrigo,6HU7h9RYOaPRFeh0R3UeAr
14,2021,Positions,Ariana Grande,35mvY5S1H3J2QZyna3TFe0
15,2021,Bad Habits,Ed Sheeran,3rmo8F54jFF8OgYsqTxm5d
16,2021,Heat Waves,Glass Animals,3USxtqRwSYz57Ewm6wWRMp
17,2021,Without You,The Kid LAROI,1KMkcUvF7m3SDChDOa7i5L
18,2021,Forever After All,Luke Combs,6IBcOGPsniK3Pso1wHIhew
19,2021,Go Crazy,Chris Brown&Young Thug,1IIKrJVP1C9N7iPtG6eOsK
20,2021,Astronaut In The Ocean,Masked Wolf,3Ofmpyhv5UAQ70mENzB277
21,2021,34+35,Ariana GrandeFeat. Doja Cat & Megan Thee Stallion,
22,2021,What You Know Bout Love,Pop Smoke,1tkg4EHVoqnhR6iFEXb60y
23,2021,My Ex's Best Friend,Machine Gun Kelly XBlackbear,
24,2021,Industry Baby,Lil Nas X&Jack Harlow,5Z9KJZvQzH6PFmb8SNkxuk
25,2021,Therefore I Am,Billie Eilish,20R4HfKloPKgXDqU7UKk3x
26,2021,Up,Cardi B,1XXimziG1uhM0eDNCZCrUl
27,2021,Fancy Like,Walker Hayes,58UKC45GPNTflCN6nwCUeF
28,2021,Dakiti,Bad Bunny& Jhay Cortez,47EiUVwUp4C9fGccaPuUCS
29,2021,Best Friend,Saweetie FeaturingDoja Cat,
30,2021,Rapstar,Polo G,18vXApRmJSgQ6wG2ll9AOg
31,2021,Heartbreak Anniversary,Giveon,3FAJ6O0NOHQV8Mc5Ri6ENp
32,2021,For The Night,Pop SmokeFeaturingLil Baby&DaBaby,
33,2021,Calling My Phone,Lil TjayFeaturing6LACK,
34,2021,Beautiful Mistakes,Maroon 5FeaturingMegan Thee Stallion,
35,2021,Holy,Justin BieberFeaturingChance the Rapper,
36,2021,On Me,Lil Baby,4Iedi94TIaB2GGb1nMB68v
37,2021,You Broke Me First.,Tate McRae,4l0RmWt52FxpVxMNni6i63
38,2021,Traitor,Olivia Rodrigo,5CZ40GBx1sQ9agT82CLQCT
39,2021,Back In Blood,Pooh Shiesty FeaturingLil Durk,
40,2021,I Hope,Gabby BarrettFeaturing Charlie Puth,
41,2021,Dynamite,BTS,5QDLhrAOJJdNAmCTJ8xMyW
42,2021,Wockesha,Moneybagg Yo,0nqhKXDjsyBMvbeWmgijD0
43,2021,You Right,Doja Cat&The Weeknd,0k4d5YPDr1r7FX77VdqWez
44,2021,Beat Box,SpotemGottem Featuring Pooh Shiesty OrDaBaby,2LbNkvmYabhVf9jBCVeLm7
45,2021,Laugh Now Cry Later,DrakeFeaturingLil Durk,
46,2021,Need To Know,Doja Cat,3Vi5XqYrmQgOYBajMWSvCi
47,2021,Wants And Needs,DrakeFeaturingLil Baby,
48,2021,Way 2 Sexy,DrakeFeaturingFuture&Young Thug,
49,2021,Telepatia,Kali Uchis,6tDDoYIxWvMLTdKpjFkc1B
50,2021,Whoopty,CJ,5vGLcdRuSbUhD8ScwsGSdA
51,2021,Lemonade,Internet Money&GunnaFeaturingDon Toliver&Nav,
52,2021,Good Days,SZA,4PMqSO5qyjpvzhlLI5GnID
53,2021,Starting Over,Chris Stapleton,3K07bGe8iljQ3mOKArHLDo
54,2021,Body,Megan Thee Stallion,0A1hoCfMLkiAgvhWkkucJa
55,2021,Willow,Taylor Swift,0lx2cLdOt3piJbcaXIV74f
56,2021,Bang!,AJR,4SQLQfcR0vhyIN4uPBlc0d
57,2021,Better Together,Luke Combs,6gdLyYNuhWBzqwlOFSsXC7
58,2021,You're Mines Still,Yung Bleu FeaturingDrake,
59,2021,Every Chance I Get,DJ KhaledFeaturingLil Baby&Lil Durk,
60,2021,Essence,WizkidFeaturingJustin Bieber&Tems,
61,2021,Chasing After You,Ryan HurdWithMaren Morris,
62,2021,The Good Ones,Gabby Barrett,3hLuHKzG1cmlRpq53ZVWd8
63,2021,Leave Before You Love Me,MarshmelloXJonas Brothers,
64,2021,Glad You Exist,Dan + Shay,3oV2RVOmwdWdf9BmGS4Oad
65,2021,Lonely,Justin Bieber&Benny Blanco,3S8jK1mGzQi24ilFb45DAZ
66,2021,Beggin',Maneskin,3Wrjm47oTz2sjIgck11l5e
67,2021,Streets,Doja Cat,60ynsPSSKe6O3sfwRnIBRf
68,2021,What's Next,Drake,3aQem4jVGdhtg116TmJnHz
69,2021,Famous Friends,Chris Young+Kane Brown,00KyYtT6NaXwbPecina5Pj
70,2021,Lil Bit,Nelly&Florida Georgia Line,33aow0AcXYvT1FoWNzMcqN
71,2021,Thot Shit,Megan Thee Stallion,7FdmHr87G79PDRGy9SPBkZ
72,2021,Late At Night,Roddy Ricch,6kksmL4t09IgxhajuVDDxR
73,2021,Kings & Queens,Ava Max,7a53HqqArd4b9NF4XAmlbI
74,2021,Anyone,Justin Bieber,2WnAKZefdRHxtBEkRjFOHC
75,2021,Track Star,Mooski,5hChuUMe5iHfjkXgzj1D4b
76,2021,Time Today,Moneybagg Yo,0YrKSfpvflYnLSBd4Jtu6J
77,2021,Cry Baby,Megan Thee StallionFeaturingDaBaby,
78,2021,All I Want For Christmas Is You,Mariah Carey,0bYg9bo50gSsH3LtXe2SQn
79,2021,No More Parties,Coi LerayFeaturingLil Durk,
80,2021,What's Your Country Song,Thomas Rhett,4oR2cCQGs0Yt0Mgr2diV6V
81,2021,One Too Many,Keith UrbanDuet With P!nk,
82,2021,Arcade,Duncan Laurence,1J14CdDAvBTE1AJYUOwl6C
83,2021,Yonaguni,Bad Bunny,2JPLbjOn0wPCngEot2STUS
84,2021,Good Time,Niko Moon,2S8UMuLJ0z8agFgFGJ6Ztt
85,2021,If I Didn't Love You,Jason Aldean&Carrie Underwood,7IYoh1u7dFM1xIWSEYd5B8
86,2021,Knife Talk,DrakeFeaturing21 Savage&Project Pat,
87,2021,pov,Ariana Grande,3UoULw70kMsiVXxW0L3A33
88,2021,Just The Way,ParmaleexBlanco Brown,
89,2021,Take My Breath,The Weeknd,2vgUijXOTRMnWXDtvgMp2b
90,2021,We're Good,Dua Lipa,1diS6nkxMQc3wwC4G1j0bh
91,2021,Hell Of A View,Eric Church,4mXGooManGPH6xAWRAtRJU
92,2021,Rockin' Around The Christmas Tree,Brenda Lee,2EjXfH91m7f8HiJN1yQg97
93,2021,Put Your Records On,Ritt Momney,6AGOKlMZWLCaEJGnaROtF9
94,2021,Happier Than Ever,Billie Eilish,4RVwu0g32PAqgUiJoXsdF8
95,2021,Single Saturday Night,Cole Swindell,6LnIxE8CqkK7faQV76nEHS
96,2021,Things A Man Oughta Know,Lainey Wilson,3S0sk6DSTgesXsUSAEHNr5
97,2021,Throat Baby (Go Baby),BRS Kash,15C4TnrrVdym7UykxQIOTZ
98,2021,Tombstone,Rod Wave,3zc8VZEpM1onYV4FWGdFvm
99,2021,Drinkin' Beer. Talkin' God. Amen.,Chase RiceFeaturingFlorida Georgia Line,
100,2021,Todo de Ti,Rauw Alejandro,3rdAz1fbUfZxYgaCviYhRo
1,2022,Heat Waves,Glass Animals,3USxtqRwSYz57Ewm6wWRMp
2,2022,As It Was,Harry Styles,4Dvkj6JhhA12EX05fT7y2e
3,2022,Stay,The Kid LAROI &Justin Bieber,567e29TDzLwZwfDuEpGTwo
4,2022,Easy On Me,Adele,46IZ0fSY2mpAiktS3KOqds
5,2022,Shivers,Ed Sheeran,50nfwKoDiSYg8zOCREWAm5
6,2022,First Class,Jack Harlow,0wHFktze2PHC5jDt3B17DC
7,2022,Big Energy,Latto,4pi1G1x8tl9VfdD9bL3maT
8,2022,Ghost,Justin Bieber,6I3mqTwhRpn34SLVafSH7G
9,2022,Super Gremlin,Kodak Black,1Y5Jvi3eLi4Chwqch9GMem
10,2022,Cold Heart (PNAU Remix),Elton John&Dua Lipa,7rglLriMNBPAyuJOMGwi39
11,2022,Wait For U,FutureFeaturingDrake&Tems,
12,2022,About Damn Time,Lizzo,6HMtHNpW6YPi1hrw9tgF8P
13,2022,Bad Habits,Ed Sheeran,3rmo8F54jFF8OgYsqTxm5d
14,2022,Thats What I Want,Lil Nas X,0e8nrvls4Qqv5Rfa2UhqmO
15,2022,Enemy,Imagine DragonsX JID,
16,2022,Industry Baby,Lil Nas X&Jack Harlow,5Z9KJZvQzH6PFmb8SNkxuk
17,2022,abcdefu,GAYLE,4fouWK6XVHhzl78KzQ1UjL
18,2022,Need To Know,Doja Cat,3Vi5XqYrmQgOYBajMWSvCi
19,2022,Wasted On You,Morgan Wallen,5YanmSgudc0CaxZrn40YnM
20,2022,Me Porto Bonito,Bad Bunny& Chencho Corleone,6Sq7ltF9Qa7SNFBsV5Cogx
21,2022,Woman,Doja Cat,6Uj1ctrBOjOas8xZXGqKk4
22,2022,Titi Me Pregunto,Bad Bunny,1IHWl5LamUGEuP4ozKQSXZ
23,2022,Running Up That Hill (A Deal With God),Kate Bush,1PtQJZVZIdWIYdARpZRDFO
24,2022,We Don't Talk About Bruno,"Carolina Gaitan, Mauro Castillo,Adassa, Rhenzy Feliz, Diane Guerrero, Stephanie Beatriz & Encanto Cast",52xJxFP6TqMuO4Yt0eOkMz
25,2022,Late Night Talking,Harry Styles,1qEmFfgcLObUfQm0j1W2CK
26,2022,I Like You (A Happier Song),Post MaloneFeaturingDoja Cat,
27,2022,You Proof,Morgan Wallen,57a4iloBWqan5rtqPJBoVY
28,2022,Bad Habit,Steve Lacy,4k6Uh1HXdhtusDW5y8Gbvy
29,2022,Sunroof,Nicky Youre & dazy,5YqEzk3C5c3UZ1D5fJUlXA
30,2022,One Right Now,Post Malone&The Weeknd,1nltpRhEiXikwDlVn4UADk
31,2022,Good 4 U,Olivia Rodrigo,4ZtFanR9U6ndgddUvNcjcG
32,2022,Numb Little Bug,Em Beihold,1KQc37jezhunxnOPhvdwSG
33,2022,Jimmy Cooks,DrakeFeaturing21 Savage,
34,2022,'Til You Can't,Cody Johnson,4k3lPl8YTKuY8c1HelVnm3
35,2022,Fancy Like,Walker Hayes,58UKC45GPNTflCN6nwCUeF
36,2022,The Kind Of Love We Make,Luke Combs,48UKTR66uUOT9LaUvooTNx
37,2022,I Ain't Worried,OneRepublic,4h9wh7iOZ0GGn8QVp4RAOB
38,2022,Break My Soul,Beyonce,5pyoxDZ1PX0KxBxiRVxA4U
39,2022,Something In The Orange,Zach Bryan,3WMj8moIAXJhHsyLaqIIHI
40,2022,Save Your Tears,The Weeknd& Ariana Grande,1oFAF1hdPOickyHgbuRjyX
41,2022,Smokin Out The Window,Silk Sonic(Bruno Mars&Anderson .Paak),3xVZYkcuWalGudeKl861wb
42,2022,Levitating,Dua Lipa,5nujrmhLynf4yMoMtj8AQF
43,2022,In A Minute,Lil Baby,31lopd32BkJBTSgYE16c5e
44,2022,Moscow Mule,Bad Bunny,6Xom58OOXk2SoU711L2IXO
45,2022,You Right,Doja Cat&The Weeknd,0k4d5YPDr1r7FX77VdqWez
46,2022,She Had Me At Heads Carolina,Cole Swindell,200x8ONbPfFzByUr3fVz46
47,2022,Vegas,Doja Cat,0hquQWY3xvYqN4qtiquniF
48,2022,Pushin P,Gunna&FutureFeaturingYoung Thug,
49,2022,Buy Dirt,Jordan DavisFeaturingLuke Bryan,
50,2022,I Hate U,SZA,2aJnyNu4PQxQ2lyj5boiMG
51,2022,Boyfriend,Dove Cameron,59CfNbkERJ3NoTXDvoURjj
52,2022,Glimpse Of Us,Joji,2mlNgAeIBnL78ZriXgrRHz
53,2022,Surface Pressure,Jessica Darrow,760jhRscwGbIIe1m1IIQpU
54,2022,Fall In Love,Bailey Zimmerman,0rCFRyEy4WXjRXNpO80Dzs
55,2022,Love Nwantiti (Ah Ah Ah),CKay,2Xr1dTzJee307rmrkt8c0g
56,2022,Super Freaky Girl,Nicki Minaj,2yjlYDiNiQkdxVqTlaSrlX
57,2022,Hrs And Hrs,muni long,
58,2022,Sand In My Boots,Morgan Wallen,12k3pLHg78j1NfwKf9B1jf
59,2022,MAMIII,Becky GXKarol G,
60,2022,Knife Talk,DrakeFeaturing21 Savage&Project Pat,
61,2022,AA,Walker Hayes,6aIrXGmaFqPafbYgxbMUsj
62,2022,Sweetest Pie,Megan Thee Stallion&Dua Lipa,7mFj0LlWtEJaEigguaWqYh
63,2022,Provenza,Karol G,3HqcNJdZ2seoGxhn0wVNDK
64,2022,Essence,WizkidFeaturingJustin Bieber&Tems,
65,2022,All I Want For Christmas Is You,Mariah Carey,0bYg9bo50gSsH3LtXe2SQn
66,2022,Bam Bam,Camila CabelloFeaturingEd Sheeran,
67,2022,5 Foot 9,Tyler Hubbard,0U4iRayct65wsaBMQGiLbg
68,2022,Get Into It (Yuh),Doja Cat,0W6I02J9xcqK8MtSeosEXb
69,2022,Efecto,Bad Bunny,5Eax0qFko2dh7Rl2lYs3bx
70,2022,Rock And A Hard Place,Bailey Zimmerman,1TE8AAk9koG0UJco6ZAUfx
71,2022,Doin' This,Luke Combs,6TpyujRefwsflWFXbmjVpj
72,2022,Oh My God,Adele,3Kkjo3cT83cw09VJyrLNwX
73,2022,Better Days,NEIKED X Mae Muller XPolo G,6f5ExP43esnvdKPddwKXJH
74,2022,Meet Me At Our Spot,THE ANXIETY: WILLOW & Tyler Cole,07MDkzWARZaLEdKxo6yArG
75,2022,Fingers Crossed,Lauren Spencer Smith,4wH7ZoqgETaACS9BlUkvuY
76,2022,All Too Well (Taylor's Version),Taylor Swift,5enxwA8aAbwZbf5qCHORXi
77,2022,Party,Bad Bunny&Rauw Alejandro,4tYFy8ALRjIZvnvSLw5lxN
78,2022,Despues de La Playa,Bad Bunny,1dm6z1fWB0cErMszU25dy2
79,2022,You Should Probably Leave,Chris Stapleton,2UikqkwBv7aIvlixeVXHWt
80,2022,Rockin' Around The Christmas Tree,Brenda Lee,2EjXfH91m7f8HiJN1yQg97
81,2022,Broadway Girls,Lil DurkFeaturingMorgan Wallen,
82,2022,Take My Name,Parmalee,7g0Zfd5J6Hzx9M2fRUMuba
83,2022,What Happened To Virgil,Lil DurkFeaturingGunna,
84,2022,Puffin On Zootiez,Future,1qMMYpVatbRITKCfq1gasi
85,2022,Like I Love Country Music,Kane Brown,5C9jQ8ikTOieveuORd8wlf
86,2022,Jingle Bell Rock,Bobby Helms,7vQbuQcyTflfCIOu3Uzzya
87,2022,Ojitos Lindos,Bad Bunny& Bomba Estereo,3k3NWokhRRkEPhCzPmV8TW
88,2022,Trouble With A Heartbreak,Jason Aldean,0P9c1rdCeGAkCeS425KbI5
89,2022,A Holly Jolly Christmas,Burl Ives,77khP2fIVhSW23NwxrRluh
90,2022,Kiss Me More,Doja CatFeaturingSZA,
91,2022,She Likes It,Russell Dickerson& Jake Scott,6VVqPBFZIbcmv14zNfOc13
92,2022,Never Say Never,Cole Swindell/Lainey Wilson,3iYEsBl8NBq1o1j5uY2Noe
93,2022,Damn Strait,Scotty McCreery,0gNrujgnSfw4LuSvd0Jbs6
94,2022,She's All I Wanna Be,Tate McRae,7l9IqDtVWJurTvkQHq1BGh
95,2022,Last Night Lonely,Jon Pardi,0k11c8vwyeNSGQex6UMa1v
96,2022,Flower Shops,ERNESTFeaturingMorgan Wallen,
97,2022,To The Moon!,JNR CHOI & Sam Tompkins,5vUnjhBzRJJIAOJPde6zDx
98,2022,Unholy,Sam Smith&Kim Petras,3nqQXoyQOWXiESFLlDF1hG
99,2022,One Mississippi,Kane Brown,4FdPnT2cFrpWCmWZd7GXc3
100,2022,Circles Around This Town,Maren Morris,13G5xv1wUKvJYbK0wYmioN
1,2023,Last Night,Morgan Wallen,583dMdiUquLMenarTp7PQm
2,2023,Flowers,Miley Cyrus,7DSAEUvxU8FajXtRloy8M0
3,2023,Kill Bill,SZA,1Qrg8KqiBpW07V7PNxwwwL
4,2023,Anti-Hero,Taylor Swift,0V3wPSX9ygBnCm8psDIegu
5,2023,Creepin',"Metro Boomin,The Weeknd&21 Savage",2dHHgzDwk4BJdRwy9uXhTO
6,2023,Calm Down,Rema&Selena Gomez,0WtM2NBVQNNJLh6scP13H8
7,2023,Die For You,The Weeknd&Ariana Grande,4W4fNrZYkobj539TOWsLO2
8,2023,Fast Car,Luke Combs,1Lo0QY9cvc8sUB2vnIOxDT
9,2023,Snooze,SZA,4iZ4pt7kvcaH6Yo8UoZ4s2
10,2023,I'm Good (Blue),David Guetta&Bebe Rexha,4uUG5RXrOk84mYEfFvj3cK
11,2023,Unholy,Sam Smith&Kim Petras,3nqQXoyQOWXiESFLlDF1hG
12,2023,You Proof,Morgan Wallen,57a4iloBWqan5rtqPJBoVY
13,2023,Something In The Orange,Zach Bryan,3WMj8moIAXJhHsyLaqIIHI
14,2023,Rich Flex,Drake&21 Savage,1bDbXMyjaUIooNwFE9wn0N
15,2023,As It Was,Harry Styles,4Dvkj6JhhA12EX05fT7y2e
16,2023,Rock And A Hard Place,Bailey Zimmerman,1TE8AAk9koG0UJco6ZAUfx
17,2023,Under The Influence,Chris Brown,5IgjP7X4th6nMNDh4akUHb
18,2023,Cruel Summer,Taylor Swift,1BxfuPKGuaTgP7aM0Bbdwr
19,2023,Thinkin' Bout Me,Morgan Wallen,4Sb8neYCkT7lyMIo2kOOEC
20,2023,"Boy's A Liar, Pt. 2",PinkPantheress&Ice Spice,6AQbmUe0Qwf5PZnt4HmTXv
21,2023,Favorite Song,Toosii,5Bvhk3wx42kkDEggSQIwqL
22,2023,Thought You Should Know,Morgan Wallen,4Fm1GxOXJEiJQ3z6LCQbSP
23,2023,Thank God,Kane BrownWith Katelyn Brown,
24,2023,Sure Thing,Miguel,0JXXNGljqupsJaZsgSbMZV
25,2023,All My Life,Lil DurkFeaturingJ. Cole,
26,2023,Ella Baila Sola,Eslabon ArmadoXPeso Pluma,
27,2023,Karma,Taylor SwiftFeaturing Ice Spice,
28,2023,Just Wanna Rock,Lil Uzi Vert,4FyesJzVpA39hbYvcseO2d
29,2023,Cuff It,Beyonce,1xzi1Jcr7mEi9K2RfzLOqS
30,2023,Vampire,Olivia Rodrigo,1kuGVB7EU95pJObxwvfwKS
31,2023,Fukumean,Gunna,4rXLjWdF2ZZpXCVTfWcshS
32,2023,Lavender Haze,Taylor Swift,5jQI2r1RdgtuT8S3iG8zFC
33,2023,Players,Coi Leray,6UN73IYd0hZxLi8wFPMQij
34,2023,Need A Favor,Jelly Roll,07on0OB2cdPt79IFsgdRUy
35,2023,Dance The Night,Dua Lipa,1vYXt7VSjH9JIM5oRRo7vA
36,2023,Love You Anyway,Luke Combs,2kYevr8cbIAH2ha8210Bnz
37,2023,One Thing At A Time,Morgan Wallen,5vYtElD9hKn73Kh4YcnNFN
38,2023,Superhero (Heroes & Villains),"Metro Boomin,Future&Chris Brown",0vjeOZ3Ft5jvAi9SBFJm1j
39,2023,Bad Habit,Steve Lacy,4k6Uh1HXdhtusDW5y8Gbvy
40,2023,La Bebe,Yng Lvcas xPeso Pluma,
41,2023,Golden Hour,JVKE,5odlY52u43F5BjByhxg7wg
42,2023,Religiously,Bailey Zimmerman,0bILU0UiNDmA5Ff6whhb2R
43,2023,Spin Bout U,Drake&21 Savage,2ZL7WZcjuYKi1KUDtp4kCC
44,2023,Cupid,Fifty Fifty,53DDMPqgMWNrEeE3NjThKE
45,2023,Search & Rescue,Drake,7aRCf5cLOFN1U7kvtChY1G
46,2023,Barbie World,Nicki Minaj&Ice SpiceWithAqua,
47,2023,Next Thing You Know,Jordan Davis,39OclE5hZematADrdfaWvE
48,2023,Escapism,RAYEFeaturing070 Shake,
49,2023,Un x100to,Grupo FronteraXBad Bunny,
50,2023,Until I Found You,Stephen Sanchez,6VhuP99TE6gYNQRJIlAWFD
51,2023,Shirt,SZA,2wSTnntOPRi7aQneobFtU4
52,2023,Paint The Town Red,Doja Cat,2IGMVunIBsBLtEQyoI1Mu7
53,2023,Made You Look,Meghan Trainor,0QHEIqNKsMoOY5urbzN48u
54,2023,Wait In The Truck,HARDYFeaturingLainey Wilson,
55,2023,All I Want For Christmas Is You,Mariah Carey,0bYg9bo50gSsH3LtXe2SQn
56,2023,Everything I Love,Morgan Wallen,6k7vV1OGewIoqEmUg3L7Am
57,2023,Chemical,Post Malone,5w40ZYhbBMAlHYNDaVJIUu
58,2023,Heart Like A Truck,Lainey Wilson,5DIBVDJOHh7djepAjKHWCO
59,2023,"Going, Going, Gone",Luke Combs,67AdiJcurlf6gocGobfaXs
60,2023,Rockin' Around The Christmas Tree,Brenda Lee,2EjXfH91m7f8HiJN1yQg97
61,2023,Dancin' In The Country,Tyler Hubbard,2KtGiBi5CrX2ERPD2PAS34
62,2023,Daylight,David Kushner,5OGZ2Mx4Cs6RCndDRycGBJ
63,2023,Lift Me Up,Rihanna,35ovElsgyAtQwYPYnZJECg
64,2023,Eyes Closed,Ed Sheeran,3p7XQpdt8Dr6oMXSvRZ9bg
65,2023,TQG,Karol GxShakira,
66,2023,Try That In A Small Town,Jason Aldean,5BqI4ugJL5WaPRQ6MlC8Ho
67,2023,Tennessee Orange,Megan Moroney,6DLbBlGIOjjEj0dNN25zhZ
68,2023,Jingle Bell Rock,Bobby Helms,7vQbuQcyTflfCIOu3Uzzya
69,2023,Princess Diana,Ice Spice&Nicki Minaj,0ZxhtATQ0a6EvQNZ0z6NKV
70,2023,Tomorrow 2,Glorilla&Cardi B,0WNfQxDGaPTl0yogcMR5v1
71,2023,A Holly Jolly Christmas,Burl Ives,77khP2fIVhSW23NwxrRluh
72,2023,Where She Goes,Bad Bunny,7ro0hRteUMfnOioTFI5TG1
73,2023,Bebe Dame,Fuerza RegidaXGrupo Frontera,
74,2023,I Remember Everything,Zach BryanFeaturingKacey Musgraves,
75,2023,I Like You (A Happier Song),Post MaloneFeaturingDoja Cat,
76,2023,What It Is (Block Boy),DoechiiFeaturingKodak Black,
77,2023,Nobody Gets Me,SZA,5Y35SjAfXjjG0sFQ3KOxmm
78,2023,Rich Men North Of Richmond,Oliver Anthony Music,78Du4CMFgnhdlG33gblkiP
79,2023,Super Freaky Girl,Nicki Minaj,2yjlYDiNiQkdxVqTlaSrlX
80,2023,Dial Drunk,Noah KahanWithPost Malone,
81,2023,What Was I Made For?,Billie Eilish,6wf7Yu7cxBSPrRlWeSeK0Q
82,2023,Seven,Jung KookFeaturingLatto,
83,2023,Wait For U,FutureFeaturingDrake&Tems,
84,2023,Last Christmas,Wham!,2FRnf9qhLbvw8fu4IBXx78
85,2023,Handle On You,Parker McCollum,4reXo2zg1uhEIpUAacDb9C
86,2023,Por Las Noches,Peso Pluma,6YWME4xCa5Lm6X1exVMQIC
87,2023,Memory Lane,Old Dominion,1nrgBXtczBXNSlqIezjwbR
88,2023,Area Codes,Kaliii,7sliFe6W30tPBPh6dvZsIH
89,2023,Bury Me In Georgia,Kane Brown,4EKH0ajMHXTkq4ztWuztVH
90,2023,PRC,Peso PlumaXNatanael Cano,
91,2023,What My World Spins Around,Jordan Davis,6vjZxvzdAeHp7jv3R398Xm
92,2023,Ain't That Some,Morgan Wallen,1rFH4TZS38gkcLcW02bEm7
93,2023,Wild As Her,Corey Kent,3kXH9BQq0TyNliiP1MIE6N
94,2023,Peaches & Eggplants,Young Nudy Featuring21 Savage,
95,2023,I Wrote The Book,Morgan Wallen,55uX7uGvi9LNkIcY087lYy
96,2023,"Bzrp Music Sessions, Vol. 53",Bizarrap &Shakira,4nrPB8O7Y7wsOCJdgXkthe
97,2023,Meltdown,Travis ScottFeaturingDrake,
98,2023,Put It On Da Floor Again,LattoFeaturingCardi B,
99,2023,Bloody Mary,Lady Gaga,11BKm0j4eYoCPPpCONAVwA
100,2023,Watermelon Moonshine,Lainey Wilson,3sYBFUXTv0STUoUINx9Qe8
